ID,Predicted
0, 0.09
1, 0.01
2, 0.45
3, 0.12
4, 0.91
5, 0.16
6, 0.59
7, 0.27
8, 0.12
9, 0.53
10, 0.25
11, 0.37
12, 0.36
13, 0.34
14, 0.88
15, 0.97
16, 0.52
17, 0.42
18, 0.39
19, 0.18
20, 0.45
21, 0.88
22, 0.35
23, 0.60
24, 0.58
25, 0.67
26, 0.79
27, 0.58
28, 0.75
29, 0.20
30, 0.86
31, 0.17
32, 0.59
33, 0.07
34, 0.17
35, 0.13
36, 0.27
37, 0.31
38, 0.25
39, 0.96
40, 0.51
41, 0.21
42, 0.49
43, 0.78
44, 0.83
45, 0.60
46, 0.68
47, 0.26
48, 0.13
49, 0.17
50, 0.22
51, 0.16
52, 0.08
53, 0.17
54, 0.40
55, 0.51
56, 0.25
57, 0.04
58, 0.06
59, 0.76
60, 0.82
61, 0.83
62, 0.60
63, 0.72
64, 0.93
65, 0.30
66, 0.78
67, 0.35
68, 0.07
69, 0.55
70, 0.56
71, 0.89
72, 0.51
73, 0.34
74, 0.04
75, 0.38
76, 0.35
77, 0.78
78, 0.31
79, 0.05
80, 0.30
81, 0.64
82, 0.80
83, 0.98
84, 0.50
85, 0.79
86, 0.76
87, 0.13
88, 0.35
89, 0.99
90, 0.57
91, 0.91
92, 0.77
93, 0.64
94, 0.78
95, 0.44
96, 0.06
97, 0.70
98, 0.91
99, 0.55
100, 0.27
101, 0.61
102, 0.06
103, 0.51
104, 0.84
105, 0.69
106, 0.23
107, 0.59
108, 0.57
109, 0.90
110, 0.06
111, 0.43
112, 0.09
113, 0.67
114, 0.23
115, 0.80
116, 0.71
117, 0.80
118, 0.04
119, 0.50
120, 0.10
121, 0.96
122, 0.91
123, 0.32
124, 0.17
125, 0.33
126, 0.59
127, 0.88
128, 0.70
129, 0.12
130, 0.14
131, 0.93
132, 0.44
133, 0.18
134, 0.59
135, 0.73
136, 0.08
137, 0.02
138, 0.43
139, 0.79
140, 0.48
141, 0.40
142, 0.88
143, 0.96
144, 0.97
145, 0.75
146, 0.31
147, 0.64
148, 0.48
149, 0.14
150, 0.31
151, 1.00
152, 0.57
153, 0.18
154, 0.14
155, 0.78
156, 0.89
157, 0.79
158, 0.70
159, 0.21
160, 0.49
161, 0.68
162, 0.69
163, 0.32
164, 0.37
165, 0.53
166, 0.64
167, 0.71
168, 0.98
169, 0.31
170, 0.23
171, 0.46
172, 0.53
173, 0.68
174, 0.08
175, 0.86
176, 0.11
177, 0.03
178, 0.58
179, 0.32
180, 0.17
181, 0.80
182, 0.60
183, 0.23
184, 0.09
185, 0.28
186, 0.47
187, 0.52
188, 0.76
189, 0.50
190, 0.88
191, 0.61
192, 0.76
193, 0.12
194, 0.29
195, 0.25
196, 0.10
197, 0.41
198, 0.41
199, 0.02
200, 0.20
201, 0.27
202, 0.26
203, 0.50
204, 0.82
205, 0.03
206, 0.38
207, 0.22
208, 0.97
209, 0.50
210, 0.16
211, 0.91
212, 0.11
213, 0.10
214, 0.45
215, 0.86
216, 0.75
217, 0.69
218, 0.08
219, 0.14
220, 0.62
221, 0.68
222, 0.47
223, 0.34
224, 0.46
225, 0.60
226, 0.07
227, 0.97
228, 0.66
229, 0.39
230, 0.06
231, 0.17
232, 0.59
233, 0.22
234, 0.73
235, 0.24
236, 0.76
237, 0.07
238, 0.48
239, 0.39
240, 0.23
241, 0.75
242, 0.29
243, 0.29
244, 0.62
245, 0.17
246, 0.65
247, 0.39
248, 0.57
249, 0.11
250, 0.81
251, 0.54
252, 0.45
253, 0.39
254, 0.30
255, 0.44
256, 0.84
257, 0.68
258, 0.69
259, 0.38
260, 0.06
261, 0.01
262, 0.37
263, 0.98
264, 0.23
265, 0.66
266, 0.41
267, 0.74
268, 0.15
269, 0.20
270, 0.86
271, 0.81
272, 0.28
273, 0.28
274, 0.82
275, 0.93
276, 0.30
277, 0.01
278, 0.92
279, 0.13
280, 0.97
281, 0.51
282, 0.96
283, 0.23
284, 0.67
285, 0.54
286, 0.60
287, 0.28
288, 0.98
289, 0.39
290, 0.79
291, 0.19
292, 0.64
293, 0.51
294, 0.44
295, 0.87
296, 0.14
297, 0.17
298, 0.78
299, 0.66
300, 0.45
301, 0.68
302, 0.51
303, 0.11
304, 0.38
305, 0.71
306, 0.07
307, 0.14
308, 0.13
309, 0.34
310, 0.74
311, 0.47
312, 0.97
313, 0.24
314, 0.58
315, 0.24
316, 0.72
317, 0.43
318, 0.34
319, 0.13
320, 0.10
321, 0.98
322, 0.25
323, 0.02
324, 0.71
325, 0.85
326, 0.77
327, 0.39
328, 0.33
329, 0.89
330, 0.87
331, 0.75
332, 0.15
333, 0.18
334, 0.95
335, 0.68
336, 0.37
337, 0.50
338, 0.60
339, 0.71
340, 0.58
341, 0.14
342, 0.10
343, 0.18
344, 0.98
345, 0.79
346, 0.69
347, 0.18
348, 0.20
349, 0.56
350, 0.97
351, 0.09
352, 0.57
353, 0.43
354, 0.16
355, 0.72
356, 0.29
357, 0.49
358, 0.18
359, 0.60
360, 0.53
361, 0.65
362, 0.32
363, 0.92
364, 0.30
365, 0.39
366, 0.74
367, 0.61
368, 0.49
369, 0.37
370, 0.19
371, 0.47
372, 0.40
373, 0.78
374, 0.56
375, 0.18
376, 0.23
377, 0.76
378, 0.13
379, 0.59
380, 0.84
381, 0.09
382, 0.16
383, 0.78
384, 0.62
385, 0.06
386, 0.28
387, 0.37
388, 0.75
389, 0.08
390, 0.91
391, 0.57
392, 0.88
393, 0.47
394, 0.39
395, 0.74
396, 0.46
397, 0.26
398, 0.35
399, 0.61
400, 0.84
401, 0.30
402, 0.30
403, 0.84
404, 0.10
405, 0.68
406, 0.09
407, 0.87
408, 0.15
409, 0.33
410, 0.22
411, 0.47
412, 0.47
413, 0.75
414, 0.04
415, 0.42
416, 0.20
417, 0.91
418, 0.57
419, 0.12
420, 0.84
421, 0.14
422, 0.41
423, 0.20
424, 0.91
425, 0.60
426, 0.29
427, 0.90
428, 0.99
429, 0.10
430, 0.55
431, 0.48
432, 0.71
433, 0.06
434, 0.97
435, 0.46
436, 0.30
437, 0.63
438, 0.31
439, 0.07
440, 0.51
441, 0.61
442, 0.08
443, 0.04
444, 0.71
445, 0.45
446, 0.76
447, 0.09
448, 0.56
449, 0.46
450, 0.07
451, 0.10
452, 0.86
453, 0.56
454, 0.45
455, 0.41
456, 0.48
457, 0.09
458, 0.65
459, 0.55
460, 0.76
461, 0.68
462, 0.93
463, 0.88
464, 0.91
465, 0.14
466, 0.78
467, 0.27
468, 0.93
469, 0.52
470, 0.62
471, 0.21
472, 0.06
473, 0.63
474, 0.93
475, 0.84
476, 0.94
477, 0.48
478, 0.11
479, 0.28
480, 0.38
481, 0.95
482, 0.95
483, 0.43
484, 0.64
485, 0.38
486, 0.05
487, 0.81
488, 0.10
489, 0.03
490, 0.12
491, 0.59
492, 0.43
493, 0.77
494, 0.69
495, 0.14
496, 0.02
497, 0.31
498, 0.86
499, 0.94
500, 0.91
501, 0.43
502, 0.23
503, 0.78
504, 0.94
505, 0.91
506, 0.65
507, 0.92
508, 0.53
509, 0.35
510, 0.61
511, 0.56
512, 0.51
513, 0.53
514, 0.52
515, 0.69
516, 0.08
517, 0.74
518, 0.21
519, 0.26
520, 0.28
521, 0.74
522, 0.53
523, 0.68
524, 0.92
525, 0.39
526, 0.39
527, 0.50
528, 0.22
529, 0.45
530, 0.68
531, 0.30
532, 0.19
533, 0.83
534, 0.34
535, 0.48
536, 0.30
537, 0.25
538, 0.40
539, 0.24
540, 0.94
541, 0.38
542, 0.87
543, 0.98
544, 0.43
545, 0.68
546, 0.93
547, 0.12
548, 0.45
549, 0.31
550, 0.29
551, 0.47
552, 0.96
553, 0.05
554, 0.81
555, 0.15
556, 0.40
557, 0.97
558, 0.78
559, 0.06
560, 0.69
561, 0.14
562, 0.89
563, 0.99
564, 0.14
565, 0.96
566, 0.02
567, 0.94
568, 0.63
569, 0.95
570, 0.54
571, 0.30
572, 0.89
573, 0.04
574, 0.65
575, 0.45
576, 0.71
577, 0.87
578, 0.63
579, 0.83
580, 0.41
581, 0.47
582, 0.23
583, 0.37
584, 0.28
585, 0.23
586, 0.24
587, 0.80
588, 0.80
589, 0.04
590, 0.23
591, 0.51
592, 0.59
593, 0.98
594, 0.78
595, 0.82
596, 0.22
597, 0.73
598, 0.62
599, 0.86
600, 0.79
601, 0.96
602, 0.43
603, 0.44
604, 0.85
605, 0.34
606, 0.35
607, 0.06
608, 0.95
609, 0.17
610, 0.71
611, 0.76
612, 0.76
613, 0.23
614, 0.48
615, 0.11
616, 0.04
617, 0.64
618, 0.09
619, 0.06
620, 0.68
621, 0.75
622, 0.47
623, 0.48
624, 0.20
625, 0.31
626, 0.05
627, 0.96
628, 0.78
629, 0.54
630, 0.27
631, 0.39
632, 0.02
633, 0.61
634, 0.90
635, 0.30
636, 0.98
637, 0.28
638, 0.02
639, 0.77
640, 0.06
641, 0.62
642, 0.79
643, 0.87
644, 0.48
645, 0.12
646, 0.02
647, 0.24
648, 0.94
649, 0.87
650, 0.10
651, 0.51
652, 0.63
653, 0.90
654, 0.61
655, 0.06
656, 0.78
657, 0.42
658, 0.55
659, 0.39
660, 0.85
661, 0.79
662, 0.12
663, 0.20
664, 0.21
665, 0.05
666, 0.40
667, 0.95
668, 0.80
669, 0.91
670, 0.68
671, 0.65
672, 0.90
673, 0.78
674, 0.62
675, 0.98
676, 0.11
677, 0.51
678, 0.25
679, 0.73
680, 0.94
681, 0.95
682, 0.50
683, 0.48
684, 0.81
685, 0.26
686, 0.59
687, 0.30
688, 0.15
689, 0.29
690, 0.56
691, 0.71
692, 0.42
693, 0.05
694, 0.70
695, 0.45
696, 0.82
697, 0.50
698, 0.12
699, 0.54
700, 0.09
701, 0.13
702, 0.28
703, 0.72
704, 0.31
705, 0.24
706, 0.31
707, 0.02
708, 0.23
709, 0.31
710, 0.87
711, 0.31
712, 0.17
713, 0.26
714, 0.53
715, 0.40
716, 0.47
717, 0.20
718, 0.31
719, 0.56
720, 0.06
721, 0.82
722, 0.28
723, 0.53
724, 0.03
725, 0.41
726, 0.40
727, 0.49
728, 0.63
729, 0.41
730, 0.21
731, 0.20
732, 0.32
733, 0.95
734, 0.24
735, 0.28
736, 0.74
737, 0.38
738, 0.21
739, 0.06
740, 0.15
741, 0.02
742, 0.23
743, 0.10
744, 0.93
745, 0.21
746, 0.04
747, 0.37
748, 0.09
749, 0.89
750, 0.24
751, 0.09
752, 0.77
753, 0.54
754, 0.53
755, 0.18
756, 0.66
757, 0.76
758, 0.11
759, 0.58
760, 0.18
761, 0.75
762, 0.75
763, 0.31
764, 0.35
765, 0.14
766, 0.31
767, 0.32
768, 0.21
769, 0.23
770, 0.57
771, 0.72
772, 0.39
773, 0.25
774, 0.59
775, 0.50
776, 0.91
777, 0.32
778, 0.71
779, 0.11
780, 0.63
781, 0.49
782, 0.71
783, 0.35
784, 0.93
785, 0.05
786, 0.48
787, 0.32
788, 0.74
789, 0.08
790, 0.41
791, 0.24
792, 0.50
793, 0.57
794, 0.54
795, 0.19
796, 0.24
797, 0.59
798, 0.55
799, 0.90
800, 0.73
801, 0.73
802, 0.74
803, 0.88
804, 0.27
805, 0.44
806, 0.10
807, 0.71
808, 0.44
809, 0.05
810, 0.28
811, 0.57
812, 0.88
813, 0.03
814, 0.75
815, 0.04
816, 0.71
817, 0.13
818, 0.75
819, 0.38
820, 0.84
821, 0.14
822, 0.65
823, 0.77
824, 0.49
825, 0.22
826, 0.56
827, 0.45
828, 0.83
829, 0.43
830, 0.13
831, 0.90
832, 0.21
833, 0.83
834, 0.34
835, 0.28
836, 0.83
837, 0.33
838, 0.38
839, 0.61
840, 0.04
841, 0.51
842, 0.09
843, 0.30
844, 0.32
845, 0.07
846, 0.91
847, 0.11
848, 0.04
849, 0.42
850, 0.17
851, 0.40
852, 0.20
853, 0.37
854, 0.50
855, 0.97
856, 0.05
857, 0.19
858, 0.59
859, 0.90
860, 0.86
861, 0.51
862, 0.56
863, 0.09
864, 0.80
865, 0.64
866, 0.25
867, 0.01
868, 0.43
869, 0.58
870, 0.10
871, 0.52
872, 0.81
873, 0.95
874, 0.36
875, 0.08
876, 0.41
877, 0.35
878, 0.34
879, 0.43
880, 0.62
881, 0.53
882, 0.20
883, 0.75
884, 0.06
885, 0.09
886, 0.94
887, 0.21
888, 0.56
889, 0.13
890, 0.88
891, 0.35
892, 0.97
893, 0.42
894, 0.88
895, 0.68
896, 0.57
897, 0.40
898, 0.91
899, 0.52
900, 0.34
901, 0.84
902, 0.21
903, 0.17
904, 0.94
905, 0.99
906, 0.57
907, 0.35
908, 0.10
909, 0.71
910, 0.84
911, 0.59
912, 0.27
913, 0.09
914, 0.06
915, 0.18
916, 0.29
917, 0.97
918, 0.21
919, 0.82
920, 0.50
921, 0.65
922, 0.11
923, 0.82
924, 0.97
925, 0.48
926, 0.09
927, 0.90
928, 0.05
929, 0.96
930, 0.34
931, 0.47
932, 0.26
933, 0.22
934, 0.36
935, 0.15
936, 0.83
937, 0.59
938, 0.92
939, 0.59
940, 0.85
941, 0.12
942, 0.26
943, 0.69
944, 0.17
945, 0.19
946, 0.63
947, 0.99
948, 0.12
949, 0.31
950, 0.87
951, 0.55
952, 0.30
953, 0.55
954, 0.10
955, 0.06
956, 0.62
957, 0.78
958, 0.31
959, 0.28
960, 0.18
961, 0.81
962, 0.63
963, 0.60
964, 0.63
965, 0.20
966, 0.53
967, 0.42
968, 0.57
969, 0.69
970, 0.32
971, 0.08
972, 0.47
973, 0.24
974, 0.69
975, 0.64
976, 0.79
977, 0.65
978, 0.41
979, 0.39
980, 0.28
981, 0.64
982, 0.73
983, 0.64
984, 0.34
985, 0.03
986, 0.70
987, 0.26
988, 0.20
989, 0.45
990, 0.09
991, 0.48
992, 0.21
993, 0.16
994, 0.39
995, 0.70
996, 0.16
997, 0.76
998, 0.26
999, 0.33
1000, 0.44
1001, 0.13
1002, 0.31
1003, 0.74
1004, 0.93
1005, 0.81
1006, 0.22
1007, 0.95
1008, 0.82
1009, 0.06
1010, 0.54
1011, 0.18
1012, 0.72
1013, 0.34
1014, 0.20
1015, 0.34
1016, 0.74
1017, 0.52
1018, 0.66
1019, 0.53
1020, 0.18
1021, 0.30
1022, 0.69
1023, 0.24
1024, 0.49
1025, 0.12
1026, 0.96
1027, 0.71
1028, 0.94
1029, 0.73
1030, 0.76
1031, 0.89
1032, 0.59
1033, 0.74
1034, 0.44
1035, 0.93
1036, 0.15
1037, 0.74
1038, 0.61
1039, 0.64
1040, 0.52
1041, 0.92
1042, 0.92
1043, 0.49
1044, 0.75
1045, 0.87
1046, 0.08
1047, 0.24
1048, 0.14
1049, 0.19
1050, 0.67
1051, 0.86
1052, 0.87
1053, 0.03
1054, 0.13
1055, 0.83
1056, 0.07
1057, 0.43
1058, 0.50
1059, 0.48
1060, 0.89
1061, 0.36
1062, 0.27
1063, 0.68
1064, 0.96
1065, 0.13
1066, 0.94
1067, 0.53
1068, 0.60
1069, 0.88
1070, 0.88
1071, 0.60
1072, 0.56
1073, 0.94
1074, 0.04
1075, 0.07
1076, 0.29
1077, 0.59
1078, 0.45
1079, 0.18
1080, 0.33
1081, 0.07
1082, 0.10
1083, 0.86
1084, 0.48
1085, 0.38
1086, 0.60
1087, 0.53
1088, 0.67
1089, 0.45
1090, 0.44
1091, 0.73
1092, 0.29
1093, 0.23
1094, 0.12
1095, 0.38
1096, 0.09
1097, 0.33
1098, 0.96
1099, 0.48
1100, 0.89
1101, 0.14
1102, 0.83
1103, 0.85
1104, 0.82
1105, 0.27
1106, 0.26
1107, 0.36
1108, 0.16
1109, 0.21
1110, 0.38
1111, 0.09
1112, 0.47
1113, 0.50
1114, 0.63
1115, 0.58
1116, 0.22
1117, 0.62
1118, 0.70
1119, 0.74
1120, 0.93
1121, 0.20
1122, 0.25
1123, 0.94
1124, 0.90
1125, 0.48
1126, 0.33
1127, 0.68
1128, 0.81
1129, 0.09
1130, 0.61
1131, 0.36
1132, 0.78
1133, 0.26
1134, 0.13
1135, 0.29
1136, 0.33
1137, 0.16
1138, 0.40
1139, 0.11
1140, 0.61
1141, 0.48
1142, 0.05
1143, 0.62
1144, 0.62
1145, 0.59
1146, 0.27
1147, 0.16
1148, 0.89
1149, 0.98
1150, 0.63
1151, 0.81
1152, 0.93
1153, 0.28
1154, 0.20
1155, 0.03
1156, 0.12
1157, 0.50
1158, 0.53
1159, 0.32
1160, 0.72
1161, 0.47
1162, 0.16
1163, 0.17
1164, 0.25
1165, 0.93
1166, 0.54
1167, 0.62
1168, 0.46
1169, 0.56
1170, 0.25
1171, 0.55
1172, 0.93
1173, 0.22
1174, 0.99
1175, 0.83
1176, 0.63
1177, 0.20
1178, 0.28
1179, 0.30
1180, 0.23
1181, 0.52
1182, 0.11
1183, 0.68
1184, 0.49
1185, 0.46
1186, 0.89
1187, 0.62
1188, 0.25
1189, 0.60
1190, 0.54
1191, 0.99
1192, 0.24
1193, 0.88
1194, 0.74
1195, 0.58
1196, 0.53
1197, 0.25
1198, 0.27
1199, 0.97
1200, 0.45
1201, 0.38
1202, 0.40
1203, 0.99
1204, 0.41
1205, 0.20
1206, 0.30
1207, 0.38
1208, 0.19
1209, 0.11
1210, 0.53
1211, 0.89
1212, 0.81
1213, 0.50
1214, 0.37
1215, 0.40
1216, 0.55
1217, 0.05
1218, 0.17
1219, 0.87
1220, 0.11
1221, 0.92
1222, 0.52
1223, 0.35
1224, 0.76
1225, 0.44
1226, 0.61
1227, 0.02
1228, 0.76
1229, 0.55
1230, 0.43
1231, 0.83
1232, 0.46
1233, 0.77
1234, 0.85
1235, 0.60
1236, 0.54
1237, 0.20
1238, 0.25
1239, 0.31
1240, 0.37
1241, 0.26
1242, 0.93
1243, 0.44
1244, 0.34
1245, 0.66
1246, 0.41
1247, 0.06
1248, 0.51
1249, 0.16
1250, 0.18
1251, 0.51
1252, 0.86
1253, 0.72
1254, 0.39
1255, 0.32
1256, 0.93
1257, 0.95
1258, 0.70
1259, 0.64
1260, 0.17
1261, 0.82
1262, 0.40
1263, 0.23
1264, 0.74
1265, 0.71
1266, 0.19
1267, 0.46
1268, 0.30
1269, 0.08
1270, 0.43
1271, 0.45
1272, 0.30
1273, 0.98
1274, 0.67
1275, 0.36
1276, 0.15
1277, 0.57
1278, 0.22
1279, 0.86
1280, 0.31
1281, 0.38
1282, 0.54
1283, 0.53
1284, 0.78
1285, 0.54
1286, 0.80
1287, 0.94
1288, 0.66
1289, 0.55
1290, 0.82
1291, 0.98
1292, 0.27
1293, 0.99
1294, 0.63
1295, 0.96
1296, 0.40
1297, 0.67
1298, 0.30
1299, 0.35
1300, 0.23
1301, 0.72
1302, 0.25
1303, 0.56
1304, 0.19
1305, 0.87
1306, 0.98
1307, 0.22
1308, 0.23
1309, 0.22
1310, 0.35
1311, 0.22
1312, 0.18
1313, 0.35
1314, 0.58
1315, 0.98
1316, 0.07
1317, 0.11
1318, 0.35
1319, 0.55
1320, 0.79
1321, 0.17
1322, 0.54
1323, 0.39
1324, 0.20
1325, 0.75
1326, 0.22
1327, 0.29
1328, 0.78
1329, 0.55
1330, 0.26
1331, 0.29
1332, 0.56
1333, 0.16
1334, 0.60
1335, 0.68
1336, 0.29
1337, 0.78
1338, 0.74
1339, 0.93
1340, 0.24
1341, 0.18
1342, 0.31
1343, 0.72
1344, 0.66
1345, 0.74
1346, 0.39
1347, 0.70
1348, 0.13
1349, 0.41
1350, 0.46
1351, 0.52
1352, 0.24
1353, 0.38
1354, 0.34
1355, 0.42
1356, 0.16
1357, 0.71
1358, 0.88
1359, 0.19
1360, 0.67
1361, 0.63
1362, 0.93
1363, 0.16
1364, 0.22
1365, 0.31
1366, 0.78
1367, 0.83
1368, 0.37
1369, 0.40
1370, 0.84
1371, 0.16
1372, 0.76
1373, 0.39
1374, 0.04
1375, 0.87
1376, 0.60
1377, 0.07
1378, 0.22
1379, 0.37
1380, 0.64
1381, 0.78
1382, 0.02
1383, 0.47
1384, 0.60
1385, 0.53
1386, 0.64
1387, 0.26
1388, 0.45
1389, 0.22
1390, 0.70
1391, 0.86
1392, 0.20
1393, 0.68
1394, 0.98
1395, 0.24
1396, 0.35
1397, 0.35
1398, 0.27
1399, 0.43
1400, 0.25
1401, 0.87
1402, 0.44
1403, 0.51
1404, 0.11
1405, 0.11
1406, 0.51
1407, 0.89
1408, 0.55
1409, 0.81
1410, 0.98
1411, 0.39
1412, 0.97
1413, 0.30
1414, 0.81
1415, 0.13
1416, 0.45
1417, 0.53
1418, 0.45
1419, 0.34
1420, 0.39
1421, 0.41
1422, 0.47
1423, 0.13
1424, 0.03
1425, 0.81
1426, 0.53
1427, 0.21
1428, 0.45
1429, 0.08
1430, 0.71
1431, 0.78
1432, 0.71
1433, 0.24
1434, 0.45
1435, 0.08
1436, 0.46
1437, 0.24
1438, 0.20
1439, 0.50
1440, 0.14
1441, 0.72
1442, 0.22
1443, 0.47
1444, 0.73
1445, 0.11
1446, 0.29
1447, 0.09
1448, 0.08
1449, 0.19
1450, 0.52
1451, 0.87
1452, 0.90
1453, 0.67
1454, 0.21
1455, 0.37
1456, 0.50
1457, 0.55
1458, 0.14
1459, 0.36
1460, 0.54
1461, 0.94
1462, 0.58
1463, 0.10
1464, 0.64
1465, 0.49
1466, 0.47
1467, 0.03
1468, 0.28
1469, 0.70
1470, 0.33
1471, 0.51
1472, 0.08
1473, 0.51
1474, 0.08
1475, 0.88
1476, 0.72
1477, 0.38
1478, 0.12
1479, 0.31
1480, 0.98
1481, 0.61
1482, 0.53
1483, 0.90
1484, 0.55
1485, 0.32
1486, 0.63
1487, 0.95
1488, 0.04
1489, 0.73
1490, 0.33
1491, 0.65
1492, 0.93
1493, 0.50
1494, 0.42
1495, 0.99
1496, 0.32
1497, 0.80
1498, 0.16
1499, 0.57
1500, 0.13
1501, 0.60
1502, 0.29
1503, 0.91
1504, 0.44
1505, 0.70
1506, 0.50
1507, 0.60
1508, 0.52
1509, 0.58
1510, 0.82
1511, 0.53
1512, 0.06
1513, 0.12
1514, 0.72
1515, 0.24
1516, 0.42
1517, 0.33
1518, 0.71
1519, 0.07
1520, 0.22
1521, 0.44
1522, 0.16
1523, 0.05
1524, 0.21
1525, 0.73
1526, 0.63
1527, 0.17
1528, 0.59
1529, 0.89
1530, 0.02
1531, 0.87
1532, 0.05
1533, 0.86
1534, 0.38
1535, 0.62
1536, 0.28
1537, 0.72
1538, 0.92
1539, 0.53
1540, 0.67
1541, 0.89
1542, 0.87
1543, 0.04
1544, 0.35
1545, 0.75
1546, 0.67
1547, 0.79
1548, 0.42
1549, 0.94
1550, 0.12
1551, 0.23
1552, 0.55
1553, 0.09
1554, 0.26
1555, 0.05
1556, 0.84
1557, 0.88
1558, 0.29
1559, 0.54
1560, 0.95
1561, 0.76
1562, 0.31
1563, 0.05
1564, 0.86
1565, 0.51
1566, 0.34
1567, 0.28
1568, 0.30
1569, 0.91
1570, 0.35
1571, 0.78
1572, 0.99
1573, 0.36
1574, 0.32
1575, 0.39
1576, 0.86
1577, 0.98
1578, 0.89
1579, 0.16
1580, 0.38
1581, 0.23
1582, 0.36
1583, 0.74
1584, 0.11
1585, 0.73
1586, 0.31
1587, 0.59
1588, 0.76
1589, 0.55
1590, 0.21
1591, 0.95
1592, 0.70
1593, 0.52
1594, 0.54
1595, 0.12
1596, 0.75
1597, 0.60
1598, 0.66
1599, 0.55
1600, 0.10
1601, 0.26
1602, 0.65
1603, 0.49
1604, 0.38
1605, 0.13
1606, 0.55
1607, 0.29
1608, 0.32
1609, 0.60
1610, 0.69
1611, 0.18
1612, 0.05
1613, 0.43
1614, 0.61
1615, 0.98
1616, 0.14
1617, 0.25
1618, 0.72
1619, 0.26
1620, 0.97
1621, 0.27
1622, 0.78
1623, 0.37
1624, 0.71
1625, 0.73
1626, 0.48
1627, 0.89
1628, 0.95
1629, 0.81
1630, 0.77
1631, 0.66
1632, 0.36
1633, 0.14
1634, 0.25
1635, 0.27
1636, 0.97
1637, 0.69
1638, 0.36
1639, 0.35
1640, 0.13
1641, 0.43
1642, 0.82
1643, 0.63
1644, 0.35
1645, 0.67
1646, 0.10
1647, 0.93
1648, 0.45
1649, 0.08
1650, 0.44
1651, 0.29
1652, 0.05
1653, 0.98
1654, 0.13
1655, 0.91
1656, 0.18
1657, 0.36
1658, 0.17
1659, 0.56
1660, 0.34
1661, 0.08
1662, 0.53
1663, 0.59
1664, 0.69
1665, 0.72
1666, 0.16
1667, 0.42
1668, 0.05
1669, 0.78
1670, 0.43
1671, 0.93
1672, 0.11
1673, 0.91
1674, 0.47
1675, 0.02
1676, 0.11
1677, 0.91
1678, 0.59
1679, 0.95
1680, 0.70
1681, 0.76
1682, 0.92
1683, 0.28
1684, 0.45
1685, 0.67
1686, 0.74
1687, 0.64
1688, 0.25
1689, 0.60
1690, 0.77
1691, 0.93
1692, 0.65
1693, 0.16
1694, 0.11
1695, 0.62
1696, 0.58
1697, 0.92
1698, 0.34
1699, 0.38
1700, 0.24
1701, 0.94
1702, 0.67
1703, 0.95
1704, 0.09
1705, 0.22
1706, 0.93
1707, 0.52
1708, 0.54
1709, 0.29
1710, 0.48
1711, 0.65
1712, 0.38
1713, 0.71
1714, 0.46
1715, 0.90
1716, 0.92
1717, 0.85
1718, 0.30
1719, 0.28
1720, 0.08
1721, 0.30
1722, 0.25
1723, 0.10
1724, 0.32
1725, 0.85
1726, 0.48
1727, 0.63
1728, 0.16
1729, 0.75
1730, 0.22
1731, 0.56
1732, 0.52
1733, 0.57
1734, 0.26
1735, 0.48
1736, 0.55
1737, 0.74
1738, 0.96
1739, 0.43
1740, 0.96
1741, 0.52
1742, 0.39
1743, 0.11
1744, 0.11
1745, 0.44
1746, 0.39
1747, 0.28
1748, 0.21
1749, 0.34
1750, 0.36
1751, 0.11
1752, 0.10
1753, 0.89
1754, 0.32
1755, 0.69
1756, 0.18
1757, 0.94
1758, 0.67
1759, 0.79
1760, 0.39
1761, 0.51
1762, 0.68
1763, 0.64
1764, 0.88
1765, 0.72
1766, 0.50
1767, 0.93
1768, 0.04
1769, 0.25
1770, 0.10
1771, 0.48
1772, 0.67
1773, 0.36
1774, 0.81
1775, 0.47
1776, 0.30
1777, 0.40
1778, 0.13
1779, 0.18
1780, 0.94
1781, 0.59
1782, 0.39
1783, 0.77
1784, 0.19
1785, 0.46
1786, 0.86
1787, 0.73
1788, 0.61
1789, 0.50
1790, 0.79
1791, 0.08
1792, 0.66
1793, 0.57
1794, 0.25
1795, 0.12
1796, 0.07
1797, 0.45
1798, 0.13
1799, 0.43
1800, 0.90
1801, 0.77
1802, 0.89
1803, 0.77
1804, 0.25
1805, 0.41
1806, 0.98
1807, 0.80
1808, 0.28
1809, 0.60
1810, 0.95
1811, 0.58
1812, 0.86
1813, 0.81
1814, 0.79
1815, 0.39
1816, 0.02
1817, 0.15
1818, 0.50
1819, 0.30
1820, 0.23
1821, 0.71
1822, 0.81
1823, 0.03
1824, 0.41
1825, 0.58
1826, 0.49
1827, 0.23
1828, 0.03
1829, 0.80
1830, 0.23
1831, 0.86
1832, 0.81
1833, 0.98
1834, 0.41
1835, 0.35
1836, 0.72
1837, 0.48
1838, 0.37
1839, 0.20
1840, 0.25
1841, 0.35
1842, 0.03
1843, 0.28
1844, 0.30
1845, 0.77
1846, 0.52
1847, 0.63
1848, 0.29
1849, 0.34
1850, 0.67
1851, 0.57
1852, 0.36
1853, 0.58
1854, 0.79
1855, 0.39
1856, 0.78
1857, 0.02
1858, 0.29
1859, 0.60
1860, 0.06
1861, 0.27
1862, 0.90
1863, 0.02
1864, 0.13
1865, 0.35
1866, 0.64
1867, 0.36
1868, 0.15
1869, 0.20
1870, 0.14
1871, 0.34
1872, 0.60
1873, 0.87
1874, 0.21
1875, 0.69
1876, 0.90
1877, 0.31
1878, 0.52
1879, 0.88
1880, 0.87
1881, 0.40
1882, 0.82
1883, 0.37
1884, 0.78
1885, 0.05
1886, 0.13
1887, 0.60
1888, 0.68
1889, 0.86
1890, 0.49
1891, 0.53
1892, 0.96
1893, 0.74
1894, 0.07
1895, 0.70
1896, 0.65
1897, 0.50
1898, 0.48
1899, 0.59
1900, 0.69
1901, 0.35
1902, 0.95
1903, 0.84
1904, 0.20
1905, 0.84
1906, 0.75
1907, 0.96
1908, 0.50
1909, 0.42
1910, 0.41
1911, 0.08
1912, 0.97
1913, 0.44
1914, 0.28
1915, 0.60
1916, 0.25
1917, 0.59
1918, 0.34
1919, 0.81
1920, 0.25
1921, 0.99
1922, 0.64
1923, 0.24
1924, 0.99
1925, 0.14
1926, 0.88
1927, 0.39
1928, 0.13
1929, 0.21
1930, 0.57
1931, 0.13
1932, 0.04
1933, 0.86
1934, 0.69
1935, 0.59
1936, 0.42
1937, 0.47
1938, 0.26
1939, 0.49
1940, 0.74
1941, 0.49
1942, 0.49
1943, 0.83
1944, 0.94
1945, 0.15
1946, 0.84
1947, 0.08
1948, 0.62
1949, 0.89
1950, 0.22
1951, 0.45
1952, 0.67
1953, 0.98
1954, 0.76
1955, 0.40
1956, 0.89
1957, 0.33
1958, 0.07
1959, 0.66
1960, 0.22
1961, 0.94
1962, 0.22
1963, 0.80
1964, 0.65
1965, 0.74
1966, 0.30
1967, 0.86
1968, 0.22
1969, 0.44
1970, 0.83
1971, 0.45
1972, 0.94
1973, 0.30
1974, 0.43
1975, 0.44
1976, 0.35
1977, 0.08
1978, 0.37
1979, 0.45
1980, 0.20
1981, 0.13
1982, 0.16
1983, 0.75
1984, 0.62
1985, 0.50
1986, 0.83
1987, 0.05
1988, 0.59
1989, 0.66
1990, 0.62
1991, 0.69
1992, 0.95
1993, 0.78
1994, 0.52
1995, 0.60
1996, 0.66
1997, 0.31
1998, 0.67
1999, 0.11
2000, 0.84
2001, 0.03
2002, 0.68
2003, 0.31
2004, 0.94
2005, 0.97
2006, 0.43
2007, 0.98
2008, 0.42
2009, 0.49
2010, 0.95
2011, 0.77
2012, 0.13
2013, 0.62
2014, 0.80
2015, 0.21
2016, 0.87
2017, 0.14
2018, 0.97
2019, 0.50
2020, 0.22
2021, 0.62
2022, 0.42
2023, 0.04
2024, 0.43
2025, 0.66
2026, 0.34
2027, 0.86
2028, 0.84
2029, 0.89
2030, 0.05
2031, 0.83
2032, 0.07
2033, 0.14
2034, 0.29
2035, 0.70
2036, 0.86
2037, 0.42
2038, 0.31
2039, 0.23
2040, 0.31
2041, 0.36
2042, 0.79
2043, 0.16
2044, 0.09
2045, 0.55
2046, 0.91
2047, 0.76
2048, 0.88
2049, 0.47
2050, 0.19
2051, 0.23
2052, 0.69
2053, 0.91
2054, 0.13
2055, 0.09
2056, 0.72
2057, 0.30
2058, 0.08
2059, 0.62
2060, 0.39
2061, 0.42
2062, 0.07
2063, 0.39
2064, 0.47
2065, 0.92
2066, 0.06
2067, 0.91
2068, 0.12
2069, 0.17
2070, 0.77
2071, 0.08
2072, 0.11
2073, 0.09
2074, 0.43
2075, 0.70
2076, 0.65
2077, 0.43
2078, 0.34
2079, 0.10
2080, 0.70
2081, 0.95
2082, 0.70
2083, 0.64
2084, 0.43
2085, 0.34
2086, 0.79
2087, 0.97
2088, 0.15
2089, 0.91
2090, 0.82
2091, 0.53
2092, 0.52
2093, 0.70
2094, 0.43
2095, 0.19
2096, 0.28
2097, 0.09
2098, 0.06
2099, 0.20
2100, 0.06
2101, 0.22
2102, 0.43
2103, 0.50
2104, 0.03
2105, 0.77
2106, 0.88
2107, 0.96
2108, 0.24
2109, 0.72
2110, 0.90
2111, 0.62
2112, 0.60
2113, 0.08
2114, 0.03
2115, 0.91
2116, 0.58
2117, 0.35
2118, 0.02
2119, 0.49
2120, 0.74
2121, 0.31
2122, 0.39
2123, 0.21
2124, 0.89
2125, 0.69
2126, 0.81
2127, 0.55
2128, 0.17
2129, 0.34
2130, 0.92
2131, 0.34
2132, 0.46
2133, 0.96
2134, 0.96
2135, 0.96
2136, 0.44
2137, 0.80
2138, 0.35
2139, 0.69
2140, 0.38
2141, 0.81
2142, 0.61
2143, 0.29
2144, 0.23
2145, 0.66
2146, 0.43
2147, 0.81
2148, 0.88
2149, 0.43
2150, 0.14
2151, 0.56
2152, 0.76
2153, 0.40
2154, 0.97
2155, 0.95
2156, 0.20
2157, 0.67
2158, 0.41
2159, 0.52
2160, 0.39
2161, 0.75
2162, 0.34
2163, 0.02
2164, 0.07
2165, 0.23
2166, 0.70
2167, 0.67
2168, 0.93
2169, 0.74
2170, 0.32
2171, 0.11
2172, 0.25
2173, 0.61
2174, 0.93
2175, 0.54
2176, 0.33
2177, 0.21
2178, 0.16
2179, 0.88
2180, 0.61
2181, 0.60
2182, 0.88
2183, 0.59
2184, 0.30
2185, 0.44
2186, 0.58
2187, 0.19
2188, 0.23
2189, 0.54
2190, 0.35
2191, 0.18
2192, 0.43
2193, 0.90
2194, 0.44
2195, 0.54
2196, 0.74
2197, 0.08
2198, 0.30
2199, 0.12
2200, 0.46
2201, 0.69
2202, 0.88
2203, 0.93
2204, 0.83
2205, 0.35
2206, 0.21
2207, 0.19
2208, 0.21
2209, 0.01
2210, 0.77
2211, 0.23
2212, 0.92
2213, 0.56
2214, 0.17
2215, 0.54
2216, 0.16
2217, 0.95
2218, 0.56
2219, 0.83
2220, 0.75
2221, 0.38
2222, 0.17
2223, 0.35
2224, 0.20
2225, 0.80
2226, 0.18
2227, 0.12
2228, 0.09
2229, 0.71
2230, 0.20
2231, 0.57
2232, 0.87
2233, 0.58
2234, 0.46
2235, 0.15
2236, 0.22
2237, 0.46
2238, 0.29
2239, 0.13
2240, 0.69
2241, 0.29
2242, 0.68
2243, 0.98
2244, 0.14
2245, 0.43
2246, 0.84
2247, 0.70
2248, 0.13
2249, 0.86
2250, 0.94
2251, 0.42
2252, 0.54
2253, 0.13
2254, 0.15
2255, 0.78
2256, 0.51
2257, 0.46
2258, 0.12
2259, 0.16
2260, 0.76
2261, 0.96
2262, 0.53
2263, 0.27
2264, 0.67
2265, 0.15
2266, 0.53
2267, 0.14
2268, 1.00
2269, 0.87
2270, 0.15
2271, 0.72
2272, 0.92
2273, 0.32
2274, 0.41
2275, 0.88
2276, 0.29
2277, 0.16
2278, 0.62
2279, 0.04
2280, 0.49
2281, 0.88
2282, 0.70
2283, 0.40
2284, 0.90
2285, 0.66
2286, 0.53
2287, 0.10
2288, 0.32
2289, 0.63
2290, 0.88
2291, 0.39
2292, 0.96
2293, 0.95
2294, 0.71
2295, 0.63
2296, 0.53
2297, 0.41
2298, 0.28
2299, 0.11
2300, 0.88
2301, 0.29
2302, 0.04
2303, 0.50
2304, 0.49
2305, 0.63
2306, 0.22
2307, 0.53
2308, 0.77
2309, 0.88
2310, 0.57
2311, 0.65
2312, 0.30
2313, 0.08
2314, 0.10
2315, 0.33
2316, 0.21
2317, 0.41
2318, 0.29
2319, 0.23
2320, 0.20
2321, 0.46
2322, 0.09
2323, 0.38
2324, 0.22
2325, 0.26
2326, 0.03
2327, 0.39
2328, 0.09
2329, 0.04
2330, 0.53
2331, 0.59
2332, 0.27
2333, 0.91
2334, 0.11
2335, 0.83
2336, 0.77
2337, 0.12
2338, 0.79
2339, 0.61
2340, 0.73
2341, 0.77
2342, 0.13
2343, 0.82
2344, 0.58
2345, 0.28
2346, 0.78
2347, 0.50
2348, 0.87
2349, 0.77
2350, 0.32
2351, 0.94
2352, 0.40
2353, 0.40
2354, 0.55
2355, 0.83
2356, 0.03
2357, 0.83
2358, 0.41
2359, 0.06
2360, 0.22
2361, 0.95
2362, 0.66
2363, 0.96
2364, 0.60
2365, 0.94
2366, 0.43
2367, 0.09
2368, 0.31
2369, 0.38
2370, 0.48
2371, 0.48
2372, 0.23
2373, 0.45
2374, 0.34
2375, 0.72
2376, 0.65
2377, 0.19
2378, 0.65
2379, 0.56
2380, 0.36
2381, 0.08
2382, 0.50
2383, 0.49
2384, 0.25
2385, 0.87
2386, 0.07
2387, 0.96
2388, 0.41
2389, 0.40
2390, 0.58
2391, 0.45
2392, 0.83
2393, 0.20
2394, 0.10
2395, 0.18
2396, 0.12
2397, 0.61
2398, 0.79
2399, 0.33
2400, 0.21
2401, 0.05
2402, 0.15
2403, 0.28
2404, 0.50
2405, 0.49
2406, 0.11
2407, 0.46
2408, 0.94
2409, 0.05
2410, 0.64
2411, 0.46
2412, 0.30
2413, 0.48
2414, 0.71
2415, 0.20
2416, 0.54
2417, 0.57
2418, 0.69
2419, 0.99
2420, 0.61
2421, 0.90
2422, 0.63
2423, 0.63
2424, 0.56
2425, 0.33
2426, 0.25
2427, 0.46
2428, 0.07
2429, 0.33
2430, 0.08
2431, 0.12
2432, 0.82
2433, 0.69
2434, 0.65
2435, 0.27
2436, 0.11
2437, 0.29
2438, 0.15
2439, 0.37
2440, 0.04
2441, 0.05
2442, 0.33
2443, 0.24
2444, 0.34
2445, 0.06
2446, 0.45
2447, 0.07
2448, 0.49
2449, 0.95
2450, 0.18
2451, 0.25
2452, 0.17
2453, 0.46
2454, 0.25
2455, 0.93
2456, 0.70
2457, 0.49
2458, 0.41
2459, 0.30
2460, 0.63
2461, 0.96
2462, 0.58
2463, 0.99
2464, 0.91
2465, 0.29
2466, 0.04
2467, 0.32
2468, 0.42
2469, 0.36
2470, 0.45
2471, 0.19
2472, 0.16
2473, 0.37
2474, 0.22
2475, 0.95
2476, 0.74
2477, 0.47
2478, 0.39
2479, 0.91
2480, 0.22
2481, 0.83
2482, 0.90
2483, 0.52
2484, 0.78
2485, 0.52
2486, 0.58
2487, 0.42
2488, 0.49
2489, 0.56
2490, 0.19
2491, 0.41
2492, 0.05
2493, 0.74
2494, 0.76
2495, 0.07
2496, 0.32
2497, 0.11
2498, 0.93
2499, 0.07
2500, 0.63
2501, 0.11
2502, 0.08
2503, 0.38
2504, 0.28
2505, 0.77
2506, 0.78
2507, 0.26
2508, 0.30
2509, 0.34
2510, 0.58
2511, 0.29
2512, 0.78
2513, 0.71
2514, 0.99
2515, 0.57
2516, 0.98
2517, 0.48
2518, 0.74
2519, 0.08
2520, 0.40
2521, 0.23
2522, 0.84
2523, 0.72
2524, 0.56
2525, 0.52
2526, 0.03
2527, 0.36
2528, 0.07
2529, 0.72
2530, 0.83
2531, 0.70
2532, 0.25
2533, 0.22
2534, 0.31
2535, 0.44
2536, 0.23
2537, 0.65
2538, 0.57
2539, 0.52
2540, 0.29
2541, 0.95
2542, 0.30
2543, 0.39
2544, 0.59
2545, 0.75
2546, 0.09
2547, 0.84
2548, 0.47
2549, 0.24
2550, 0.97
2551, 0.81
2552, 0.49
2553, 0.68
2554, 0.61
2555, 0.47
2556, 0.50
2557, 0.19
2558, 0.18
2559, 0.61
2560, 0.56
2561, 0.13
2562, 0.63
2563, 0.92
2564, 0.17
2565, 0.33
2566, 0.31
2567, 0.66
2568, 0.62
2569, 0.91
2570, 0.29
2571, 0.69
2572, 0.64
2573, 0.96
2574, 0.31
2575, 0.56
2576, 0.87
2577, 0.25
2578, 0.46
2579, 0.44
2580, 0.17
2581, 0.45
2582, 0.34
2583, 0.46
2584, 0.69
2585, 0.14
2586, 0.40
2587, 0.77
2588, 0.28
2589, 0.15
2590, 0.05
2591, 0.54
2592, 0.79
2593, 0.26
2594, 0.60
2595, 0.94
2596, 0.01
2597, 0.62
2598, 0.16
2599, 0.18
2600, 0.56
2601, 0.43
2602, 0.38
2603, 0.65
2604, 0.17
2605, 0.17
2606, 0.98
2607, 0.46
2608, 0.61
2609, 0.71
2610, 0.40
2611, 0.49
2612, 0.29
2613, 0.49
2614, 0.09
2615, 0.80
2616, 0.44
2617, 0.85
2618, 0.36
2619, 0.18
2620, 0.52
2621, 0.60
2622, 0.78
2623, 0.11
2624, 0.15
2625, 0.13
2626, 0.65
2627, 0.94
2628, 0.50
2629, 0.60
2630, 0.51
2631, 0.66
2632, 0.20
2633, 0.84
2634, 0.71
2635, 0.44
2636, 0.20
2637, 0.66
2638, 0.24
2639, 0.86
2640, 0.61
2641, 0.41
2642, 0.69
2643, 0.93
2644, 0.19
2645, 0.66
2646, 0.12
2647, 0.57
2648, 0.52
2649, 0.77
2650, 0.13
2651, 0.10
2652, 0.87
2653, 0.17
2654, 0.64
2655, 0.51
2656, 0.95
2657, 0.97
2658, 0.85
2659, 0.46
2660, 0.57
2661, 0.61
2662, 0.94
2663, 0.63
2664, 0.39
2665, 0.79
2666, 0.91
2667, 0.06
2668, 0.66
2669, 0.05
2670, 0.66
2671, 0.99
2672, 0.26
2673, 0.19
2674, 0.65
2675, 0.14
2676, 0.18
2677, 0.83
2678, 0.76
2679, 0.36
2680, 0.24
2681, 0.82
2682, 0.58
2683, 0.72
2684, 0.82
2685, 0.04
2686, 0.96
2687, 0.67
2688, 0.15
2689, 0.58
2690, 0.14
2691, 0.04
2692, 0.74
2693, 0.18
2694, 0.67
2695, 0.29
2696, 0.41
2697, 0.38
2698, 0.23
2699, 0.73
2700, 0.45
2701, 0.16
2702, 0.50
2703, 0.74
2704, 0.15
2705, 0.65
2706, 0.86
2707, 0.32
2708, 0.73
2709, 0.94
2710, 0.40
2711, 0.35
2712, 0.90
2713, 0.55
2714, 0.17
2715, 0.18
2716, 0.17
2717, 0.05
2718, 0.94
2719, 0.21
2720, 0.49
2721, 0.67
2722, 0.26
2723, 0.44
2724, 0.84
2725, 0.16
2726, 0.41
2727, 0.41
2728, 0.65
2729, 0.17
2730, 0.48
2731, 0.31
2732, 0.52
2733, 0.38
2734, 0.15
2735, 0.16
2736, 0.88
2737, 0.74
2738, 0.63
2739, 0.27
2740, 0.61
2741, 0.89
2742, 0.94
2743, 0.46
2744, 0.05
2745, 0.90
2746, 0.28
2747, 0.05
2748, 0.86
2749, 0.09
2750, 0.75
2751, 0.29
2752, 0.47
2753, 0.93
2754, 0.74
2755, 0.85
2756, 0.09
2757, 0.09
2758, 0.99
2759, 0.62
2760, 0.24
2761, 0.33
2762, 0.52
2763, 0.62
2764, 0.59
2765, 0.63
2766, 0.87
2767, 0.61
2768, 0.63
2769, 0.35
2770, 0.40
2771, 0.26
2772, 0.19
2773, 0.35
2774, 0.45
2775, 0.20
2776, 0.94
2777, 0.94
2778, 0.82
2779, 0.09
2780, 0.77
2781, 0.28
2782, 0.05
2783, 0.60
2784, 0.95
2785, 0.68
2786, 0.94
2787, 0.71
2788, 0.78
2789, 0.14
2790, 0.62
2791, 0.48
2792, 0.96
2793, 0.20
2794, 0.71
2795, 0.36
2796, 0.39
2797, 0.43
2798, 0.56
2799, 0.07
2800, 0.44
2801, 0.12
2802, 0.14
2803, 0.84
2804, 0.31
2805, 0.31
2806, 0.36
2807, 0.50
2808, 0.40
2809, 0.11
2810, 0.32
2811, 0.24
2812, 0.56
2813, 0.55
2814, 0.83
2815, 0.65
2816, 0.83
2817, 0.48
2818, 0.12
2819, 0.25
2820, 0.96
2821, 0.28
2822, 0.29
2823, 0.05
2824, 0.60
2825, 0.10
2826, 0.96
2827, 0.37
2828, 0.21
2829, 0.44
2830, 0.20
2831, 0.65
2832, 0.34
2833, 0.42
2834, 0.99
2835, 0.80
2836, 0.69
2837, 0.82
2838, 0.33
2839, 0.48
2840, 0.88
2841, 0.35
2842, 0.18
2843, 0.81
2844, 0.05
2845, 0.27
2846, 0.41
2847, 0.56
2848, 0.73
2849, 0.74
2850, 0.30
2851, 0.50
2852, 0.18
2853, 0.39
2854, 0.74
2855, 0.62
2856, 0.14
2857, 0.89
2858, 0.50
2859, 0.56
2860, 0.20
2861, 0.27
2862, 0.92
2863, 0.38
2864, 0.79
2865, 0.68
2866, 0.38
2867, 0.11
2868, 0.56
2869, 0.51
2870, 0.09
2871, 0.06
2872, 0.61
2873, 0.29
2874, 0.16
2875, 0.39
2876, 0.08
2877, 0.07
2878, 0.68
2879, 0.91
2880, 0.79
2881, 0.32
2882, 0.81
2883, 0.88
2884, 0.96
2885, 0.52
2886, 0.16
2887, 0.56
2888, 0.48
2889, 0.34
2890, 0.71
2891, 0.71
2892, 0.86
2893, 0.90
2894, 0.55
2895, 0.44
2896, 0.99
2897, 0.09
2898, 0.94
2899, 0.45
2900, 0.34
2901, 0.24
2902, 0.95
2903, 0.90
2904, 0.15
2905, 0.08
2906, 0.12
2907, 0.88
2908, 0.69
2909, 0.21
2910, 0.98
2911, 0.78
2912, 0.10
2913, 0.45
2914, 0.32
2915, 0.89
2916, 0.10
2917, 0.04
2918, 0.91
2919, 0.58
2920, 0.17
2921, 0.99
2922, 0.63
2923, 0.27
2924, 0.17
2925, 0.83
2926, 0.08
2927, 0.39
2928, 0.48
2929, 0.82
2930, 0.34
2931, 0.33
2932, 0.21
2933, 0.79
2934, 0.27
2935, 0.89
2936, 0.63
2937, 0.11
2938, 0.67
2939, 0.09
2940, 0.60
2941, 0.37
2942, 0.60
2943, 0.90
2944, 0.25
2945, 0.05
2946, 0.50
2947, 0.63
2948, 0.94
2949, 0.99
2950, 0.01
2951, 0.39
2952, 0.25
2953, 0.39
2954, 0.98
2955, 0.29
2956, 0.83
2957, 0.94
2958, 0.09
2959, 0.08
2960, 0.76
2961, 0.39
2962, 0.15
2963, 0.79
2964, 0.22
2965, 0.21
2966, 0.47
2967, 0.46
2968, 0.29
2969, 0.71
2970, 0.30
2971, 0.17
2972, 0.14
2973, 0.69
2974, 0.84
2975, 0.24
2976, 0.75
2977, 0.31
2978, 0.56
2979, 0.26
2980, 0.62
2981, 0.82
2982, 0.22
2983, 0.06
2984, 0.39
2985, 0.38
2986, 0.89
2987, 0.08
2988, 0.38
2989, 0.09
2990, 0.78
2991, 0.57
2992, 0.52
2993, 0.21
2994, 0.43
2995, 0.55
2996, 0.27
2997, 0.30
2998, 0.19
2999, 0.16
3000, 0.33
3001, 0.85
3002, 0.59
3003, 0.85
3004, 0.82
3005, 0.25
3006, 0.09
3007, 0.66
3008, 0.32
3009, 0.18
3010, 0.59
3011, 0.12
3012, 0.13
3013, 0.19
3014, 0.89
3015, 0.78
3016, 0.11
3017, 0.59
3018, 0.83
3019, 0.31
3020, 0.87
3021, 0.22
3022, 0.65
3023, 0.62
3024, 0.34
3025, 0.84
3026, 0.13
3027, 0.21
3028, 0.67
3029, 0.11
3030, 0.53
3031, 0.90
3032, 0.34
3033, 0.46
3034, 0.16
3035, 0.73
3036, 0.50
3037, 0.09
3038, 0.21
3039, 0.88
3040, 0.71
3041, 0.20
3042, 0.45
3043, 0.16
3044, 0.86
3045, 0.93
3046, 0.46
3047, 0.08
3048, 0.25
3049, 0.30
3050, 0.16
3051, 0.49
3052, 0.60
3053, 0.15
3054, 0.15
3055, 0.10
3056, 0.09
3057, 0.48
3058, 0.78
3059, 0.25
3060, 0.69
3061, 0.47
3062, 0.20
3063, 0.36
3064, 0.03
3065, 0.20
3066, 0.69
3067, 0.60
3068, 0.05
3069, 0.47
3070, 0.48
3071, 0.08
3072, 0.98
3073, 0.34
3074, 0.15
3075, 0.20
3076, 0.11
3077, 0.60
3078, 0.40
3079, 0.29
3080, 0.17
3081, 0.97
3082, 0.98
3083, 0.27
3084, 0.67
3085, 0.54
3086, 0.54
3087, 0.49
3088, 0.52
3089, 0.97
3090, 0.62
3091, 0.57
3092, 0.14
3093, 0.69
3094, 0.71
3095, 0.59
3096, 0.54
3097, 0.23
3098, 0.71
3099, 0.31
3100, 0.79
3101, 0.46
3102, 0.27
3103, 0.37
3104, 0.16
3105, 0.03
3106, 0.11
3107, 0.22
3108, 0.28
3109, 0.20
3110, 0.97
3111, 0.38
3112, 0.35
3113, 0.52
3114, 0.06
3115, 0.71
3116, 0.14
3117, 0.71
3118, 0.52
3119, 0.97
3120, 0.30
3121, 0.32
3122, 0.06
3123, 0.66
3124, 0.61
3125, 0.79
3126, 0.40
3127, 0.33
3128, 0.54
3129, 0.74
3130, 0.65
3131, 0.08
3132, 0.24
3133, 0.88
3134, 0.96
3135, 0.58
3136, 0.52
3137, 0.80
3138, 0.84
3139, 0.04
3140, 0.18
3141, 0.03
3142, 0.92
3143, 0.85
3144, 0.39
3145, 0.24
3146, 0.39
3147, 0.51
3148, 0.26
3149, 0.39
3150, 0.49
3151, 0.27
3152, 0.50
3153, 0.32
3154, 0.63
3155, 0.39
3156, 0.60
3157, 0.81
3158, 0.60
3159, 0.73
3160, 0.92
3161, 0.19
3162, 0.45
3163, 0.51
3164, 0.98
3165, 0.51
3166, 0.71
3167, 0.25
3168, 0.68
3169, 0.48
3170, 0.54
3171, 0.22
3172, 0.83
3173, 0.92
3174, 0.25
3175, 0.72
3176, 0.58
3177, 0.44
3178, 0.64
3179, 0.33
3180, 0.06
3181, 0.51
3182, 0.91
3183, 0.65
3184, 0.89
3185, 0.04
3186, 0.02
3187, 0.35
3188, 0.27
3189, 0.31
3190, 0.83
3191, 0.95
3192, 0.47
3193, 0.19
3194, 0.95
3195, 0.11
3196, 0.08
3197, 0.18
3198, 0.48
3199, 0.42
3200, 0.78
3201, 0.53
3202, 0.58
3203, 0.74
3204, 0.98
3205, 0.22
3206, 0.86
3207, 0.95
3208, 0.07
3209, 0.65
3210, 0.19
3211, 0.97
3212, 0.83
3213, 0.23
3214, 0.17
3215, 0.71
3216, 0.04
3217, 0.08
3218, 0.80
3219, 0.50
3220, 0.27
3221, 0.65
3222, 0.92
3223, 0.70
3224, 0.38
3225, 0.37
3226, 0.50
3227, 0.37
3228, 0.17
3229, 0.51
3230, 0.63
3231, 0.03
3232, 0.95
3233, 0.51
3234, 0.68
3235, 0.40
3236, 0.48
3237, 0.60
3238, 0.80
3239, 0.51
3240, 0.11
3241, 0.20
3242, 0.24
3243, 0.81
3244, 0.56
3245, 0.34
3246, 0.68
3247, 0.72
3248, 0.60
3249, 0.81
3250, 0.13
3251, 0.35
3252, 0.89
3253, 0.23
3254, 0.96
3255, 0.21
3256, 0.30
3257, 0.10
3258, 0.95
3259, 0.46
3260, 0.02
3261, 0.06
3262, 0.48
3263, 0.38
3264, 0.07
3265, 0.86
3266, 0.72
3267, 0.08
3268, 0.65
3269, 0.47
3270, 0.85
3271, 0.10
3272, 0.36
3273, 0.41
3274, 0.97
3275, 0.99
3276, 0.24
3277, 0.74
3278, 0.25
3279, 0.75
3280, 0.76
3281, 0.36
3282, 0.60
3283, 0.20
3284, 0.60
3285, 0.40
3286, 0.98
3287, 0.51
3288, 0.10
3289, 0.20
3290, 0.47
3291, 0.98
3292, 0.99
3293, 0.90
3294, 0.24
3295, 0.11
3296, 0.67
3297, 0.37
3298, 0.48
3299, 0.40
3300, 0.33
3301, 0.87
3302, 0.16
3303, 0.30
3304, 0.81
3305, 0.12
3306, 0.34
3307, 0.40
3308, 0.48
3309, 0.64
3310, 0.99
3311, 0.45
3312, 0.39
3313, 0.97
3314, 0.37
3315, 0.58
3316, 0.59
3317, 0.46
3318, 0.74
3319, 0.10
3320, 0.20
3321, 0.70
3322, 0.78
3323, 0.34
3324, 0.30
3325, 0.23
3326, 0.03
3327, 0.08
3328, 0.75
3329, 0.13
3330, 0.62
3331, 0.57
3332, 0.65
3333, 0.36
3334, 0.60
3335, 0.53
3336, 0.37
3337, 0.33
3338, 0.60
3339, 0.83
3340, 0.96
3341, 0.17
3342, 0.23
3343, 0.27
3344, 0.12
3345, 0.87
3346, 0.84
3347, 0.64
3348, 0.18
3349, 0.66
3350, 0.33
3351, 0.59
3352, 0.02
3353, 0.21
3354, 0.11
3355, 0.18
3356, 0.78
3357, 0.41
3358, 0.03
3359, 0.33
3360, 0.15
3361, 0.88
3362, 0.23
3363, 0.56
3364, 0.07
3365, 0.75
3366, 0.91
3367, 0.23
3368, 0.04
3369, 0.82
3370, 0.40
3371, 0.75
3372, 0.19
3373, 0.12
3374, 0.36
3375, 0.51
3376, 0.27
3377, 0.34
3378, 0.25
3379, 0.08
3380, 0.17
3381, 0.08
3382, 0.14
3383, 0.07
3384, 0.03
3385, 0.93
3386, 0.79
3387, 0.77
3388, 0.16
3389, 0.46
3390, 0.84
3391, 0.43
3392, 0.13
3393, 0.14
3394, 0.05
3395, 0.41
3396, 0.92
3397, 0.44
3398, 0.22
3399, 0.66
3400, 0.85
3401, 0.30
3402, 0.85
3403, 0.59
3404, 0.64
3405, 0.25
3406, 0.39
3407, 0.33
3408, 0.14
3409, 0.09
3410, 0.92
3411, 0.69
3412, 0.83
3413, 0.50
3414, 0.99
3415, 0.47
3416, 0.20
3417, 0.79
3418, 0.15
3419, 0.31
3420, 0.18
3421, 0.19
3422, 0.79
3423, 0.61
3424, 0.56
3425, 0.98
3426, 0.74
3427, 0.20
3428, 0.35
3429, 0.76
3430, 0.75
3431, 0.87
3432, 0.29
3433, 0.48
3434, 0.35
3435, 0.50
3436, 0.39
3437, 0.98
3438, 0.12
3439, 0.73
3440, 0.29
3441, 0.17
3442, 0.08
3443, 0.18
3444, 0.26
3445, 0.28
3446, 0.76
3447, 0.82
3448, 0.73
3449, 0.70
3450, 0.08
3451, 0.42
3452, 0.54
3453, 0.48
3454, 0.99
3455, 0.57
3456, 0.16
3457, 0.59
3458, 0.59
3459, 0.56
3460, 0.82
3461, 0.77
3462, 0.79
3463, 0.97
3464, 0.69
3465, 0.41
3466, 0.36
3467, 0.51
3468, 0.53
3469, 0.49
3470, 0.09
3471, 0.47
3472, 0.37
3473, 0.49
3474, 0.20
3475, 0.73
3476, 0.58
3477, 0.10
3478, 0.76
3479, 0.67
3480, 0.09
3481, 0.16
3482, 0.11
3483, 0.80
3484, 0.13
3485, 0.93
3486, 0.78
3487, 0.84
3488, 0.54
3489, 0.81
3490, 0.91
3491, 0.10
3492, 0.78
3493, 0.54
3494, 0.07
3495, 0.41
3496, 0.47
3497, 0.34
3498, 0.68
3499, 0.44
3500, 0.51
3501, 0.53
3502, 0.53
3503, 0.19
3504, 0.10
3505, 0.81
3506, 0.24
3507, 0.19
3508, 0.24
3509, 0.60
3510, 0.89
3511, 0.55
3512, 0.37
3513, 0.55
3514, 0.80
3515, 0.04
3516, 0.67
3517, 0.73
3518, 0.02
3519, 0.61
3520, 0.89
3521, 0.75
3522, 0.28
3523, 0.60
3524, 0.26
3525, 0.95
3526, 0.20
3527, 0.59
3528, 0.89
3529, 0.07
3530, 0.56
3531, 0.79
3532, 0.62
3533, 0.77
3534, 0.25
3535, 0.32
3536, 0.39
3537, 0.27
3538, 0.59
3539, 0.06
3540, 0.37
3541, 0.72
3542, 0.31
3543, 0.56
3544, 0.10
3545, 0.38
3546, 0.66
3547, 0.69
3548, 0.63
3549, 0.03
3550, 0.74
3551, 0.73
3552, 0.36
3553, 0.30
3554, 0.93
3555, 0.33
3556, 0.63
3557, 0.36
3558, 0.45
3559, 0.66
3560, 0.23
3561, 0.97
3562, 0.20
3563, 0.03
3564, 0.20
3565, 0.14
3566, 0.71
3567, 0.37
3568, 0.10
3569, 0.89
3570, 0.10
3571, 0.29
3572, 0.19
3573, 0.70
3574, 0.88
3575, 0.21
3576, 0.16
3577, 0.30
3578, 0.60
3579, 0.41
3580, 0.14
3581, 0.55
3582, 0.31
3583, 0.56
3584, 0.78
3585, 0.34
3586, 0.95
3587, 0.63
3588, 0.24
3589, 0.86
3590, 0.06
3591, 0.67
3592, 0.53
3593, 0.06
3594, 0.42
3595, 0.86
3596, 0.53
3597, 0.12
3598, 0.11
3599, 0.90
3600, 0.20
3601, 0.17
3602, 0.01
3603, 0.98
3604, 0.41
3605, 0.41
3606, 0.66
3607, 0.10
3608, 0.59
3609, 0.91
3610, 0.65
3611, 0.53
3612, 0.60
3613, 0.46
3614, 0.65
3615, 0.23
3616, 0.97
3617, 0.75
3618, 0.34
3619, 0.21
3620, 0.35
3621, 0.05
3622, 0.15
3623, 0.97
3624, 0.78
3625, 0.74
3626, 0.32
3627, 0.69
3628, 0.16
3629, 0.58
3630, 0.42
3631, 0.92
3632, 0.64
3633, 0.43
3634, 0.50
3635, 0.58
3636, 0.77
3637, 0.85
3638, 0.71
3639, 0.07
3640, 0.61
3641, 0.50
3642, 0.96
3643, 0.86
3644, 0.65
3645, 0.35
3646, 0.93
3647, 0.95
3648, 0.83
3649, 0.27
3650, 0.18
3651, 0.24
3652, 0.11
3653, 0.94
3654, 0.62
3655, 0.93
3656, 0.06
3657, 0.14
3658, 0.23
3659, 0.63
3660, 0.99
3661, 0.20
3662, 0.04
3663, 0.41
3664, 0.33
3665, 0.52
3666, 0.29
3667, 0.68
3668, 0.58
3669, 0.16
3670, 0.11
3671, 0.16
3672, 0.50
3673, 0.58
3674, 0.75
3675, 0.86
3676, 0.11
3677, 0.87
3678, 0.39
3679, 0.79
3680, 0.91
3681, 0.62
3682, 0.04
3683, 0.40
3684, 0.30
3685, 0.19
3686, 0.69
3687, 0.06
3688, 0.11
3689, 0.43
3690, 0.21
3691, 0.09
3692, 0.41
3693, 0.75
3694, 0.98
3695, 0.64
3696, 0.43
3697, 0.23
3698, 0.13
3699, 0.72
3700, 0.88
3701, 0.42
3702, 0.42
3703, 0.53
3704, 0.21
3705, 0.73
3706, 0.20
3707, 0.45
3708, 0.65
3709, 0.09
3710, 0.54
3711, 0.59
3712, 0.58
3713, 0.65
3714, 0.31
3715, 0.51
3716, 0.16
3717, 0.75
3718, 0.32
3719, 0.40
3720, 0.48
3721, 0.88
3722, 0.42
3723, 0.69
3724, 0.63
3725, 0.05
3726, 0.35
3727, 0.84
3728, 0.51
3729, 0.20
3730, 0.77
3731, 0.32
3732, 0.78
3733, 0.47
3734, 0.37
3735, 0.49
3736, 0.76
3737, 0.36
3738, 0.65
3739, 0.09
3740, 0.70
3741, 0.13
3742, 0.48
3743, 0.34
3744, 0.37
3745, 0.78
3746, 0.82
3747, 0.98
3748, 0.16
3749, 0.85
3750, 0.70
3751, 0.83
3752, 0.90
3753, 0.77
3754, 0.92
3755, 0.35
3756, 0.15
3757, 0.81
3758, 0.97
3759, 0.31
3760, 0.03
3761, 0.24
3762, 0.22
3763, 0.95
3764, 0.02
3765, 0.61
3766, 0.34
3767, 0.49
3768, 0.54
3769, 0.99
3770, 0.15
3771, 0.10
3772, 0.51
3773, 0.52
3774, 0.17
3775, 0.77
3776, 0.23
3777, 0.36
3778, 0.13
3779, 0.72
3780, 0.60
3781, 0.42
3782, 0.96
3783, 0.51
3784, 0.21
3785, 0.16
3786, 0.88
3787, 0.56
3788, 0.55
3789, 0.09
3790, 0.37
3791, 0.46
3792, 0.70
3793, 0.24
3794, 0.44
3795, 0.40
3796, 0.68
3797, 0.39
3798, 0.98
3799, 0.20
3800, 0.93
3801, 0.35
3802, 0.29
3803, 0.94
3804, 0.75
3805, 0.46
3806, 0.38
3807, 0.40
3808, 0.71
3809, 0.47
3810, 0.12
3811, 0.37
3812, 0.35
3813, 0.24
3814, 0.13
3815, 0.97
3816, 0.40
3817, 0.51
3818, 0.10
3819, 0.39
3820, 0.68
3821, 0.28
3822, 0.10
3823, 0.37
3824, 0.32
3825, 0.05
3826, 0.60
3827, 0.53
3828, 0.90
3829, 0.53
3830, 0.35
3831, 0.24
3832, 0.04
3833, 0.29
3834, 0.81
3835, 0.06
3836, 0.85
3837, 0.66
3838, 0.21
3839, 0.61
3840, 0.43
3841, 0.25
3842, 0.40
3843, 0.97
3844, 0.14
3845, 0.03
3846, 0.21
3847, 0.58
3848, 0.32
3849, 0.78
3850, 0.47
3851, 0.36
3852, 0.84
3853, 0.75
3854, 0.62
3855, 0.67
3856, 0.58
3857, 0.81
3858, 0.76
3859, 0.45
3860, 0.77
3861, 0.94
3862, 0.05
3863, 0.93
3864, 0.27
3865, 0.52
3866, 0.62
3867, 0.85
3868, 0.44
3869, 0.55
3870, 0.18
3871, 0.09
3872, 0.56
3873, 0.94
3874, 0.71
3875, 0.97
3876, 0.56
3877, 0.26
3878, 0.26
3879, 0.07
3880, 0.75
3881, 0.14
3882, 0.57
3883, 0.76
3884, 0.29
3885, 0.24
3886, 0.15
3887, 0.42
3888, 0.43
3889, 0.85
3890, 0.58
3891, 0.66
3892, 0.25
3893, 0.43
3894, 0.73
3895, 0.57
3896, 0.46
3897, 0.15
3898, 0.64
3899, 0.50
3900, 0.63
3901, 0.43
3902, 0.68
3903, 0.80
3904, 0.86
3905, 0.20
3906, 0.84
3907, 0.66
3908, 0.99
3909, 0.87
3910, 0.24
3911, 0.23
3912, 0.09
3913, 0.47
3914, 0.22
3915, 0.75
3916, 0.09
3917, 0.47
3918, 0.47
3919, 0.51
3920, 0.39
3921, 0.33
3922, 0.32
3923, 0.39
3924, 0.50
3925, 0.71
3926, 0.04
3927, 0.29
3928, 0.95
3929, 0.93
3930, 0.19
3931, 0.52
3932, 0.49
3933, 0.85
3934, 0.43
3935, 0.59
3936, 0.36
3937, 0.70
3938, 0.68
3939, 0.66
3940, 0.54
3941, 0.49
3942, 0.90
3943, 0.46
3944, 0.95
3945, 0.52
3946, 0.61
3947, 0.35
3948, 0.07
3949, 0.84
3950, 0.70
3951, 0.43
3952, 0.99
3953, 0.53
3954, 0.75
3955, 0.02
3956, 0.03
3957, 0.37
3958, 0.42
3959, 0.98
3960, 0.45
3961, 0.96
3962, 0.62
3963, 0.77
3964, 0.14
3965, 0.88
3966, 0.83
3967, 0.73
3968, 0.12
3969, 0.12
3970, 0.32
3971, 0.36
3972, 0.66
3973, 0.06
3974, 0.19
3975, 0.44
3976, 0.54
3977, 0.75
3978, 0.99
3979, 0.06
3980, 0.27
3981, 0.82
3982, 0.70
3983, 0.97
3984, 0.52
3985, 0.66
3986, 0.10
3987, 0.09
3988, 0.71
3989, 0.35
3990, 0.13
3991, 0.26
3992, 0.62
3993, 0.80
3994, 0.40
3995, 0.41
3996, 0.04
3997, 0.10
3998, 0.41
3999, 0.14
4000, 0.29
4001, 0.49
4002, 0.22
4003, 0.88
4004, 0.73
4005, 0.72
4006, 0.09
4007, 0.26
4008, 0.46
4009, 0.75
4010, 0.09
4011, 0.88
4012, 0.33
4013, 0.53
4014, 0.25
4015, 0.91
4016, 0.15
4017, 0.37
4018, 0.49
4019, 0.63
4020, 0.50
4021, 0.71
4022, 0.55
4023, 0.84
4024, 0.12
4025, 0.80
4026, 0.59
4027, 0.41
4028, 0.58
4029, 0.99
4030, 0.89
4031, 0.11
4032, 0.45
4033, 0.67
4034, 0.56
4035, 0.25
4036, 0.95
4037, 0.31
4038, 0.23
4039, 0.73
4040, 0.85
4041, 0.64
4042, 0.21
4043, 0.89
4044, 0.64
4045, 0.16
4046, 0.76
4047, 0.03
4048, 0.61
4049, 0.90
4050, 0.66
4051, 0.39
4052, 0.42
4053, 0.06
4054, 0.31
4055, 0.27
4056, 0.54
4057, 0.97
4058, 0.97
4059, 0.38
4060, 0.30
4061, 0.07
4062, 0.34
4063, 0.12
4064, 0.27
4065, 0.25
4066, 0.79
4067, 0.03
4068, 0.96
4069, 0.95
4070, 0.10
4071, 0.99
4072, 0.65
4073, 0.60
4074, 0.67
4075, 0.77
4076, 0.27
4077, 0.29
4078, 0.97
4079, 0.31
4080, 0.81
4081, 0.70
4082, 0.69
4083, 0.26
4084, 0.89
4085, 0.24
4086, 0.49
4087, 0.95
4088, 0.12
4089, 0.71
4090, 0.91
4091, 0.95
4092, 0.85
4093, 0.59
4094, 0.95
4095, 0.33
4096, 0.84
4097, 0.75
4098, 0.38
4099, 0.35
4100, 0.53
4101, 0.19
4102, 0.75
4103, 0.45
4104, 0.40
4105, 0.43
4106, 0.73
4107, 0.68
4108, 0.97
4109, 0.47
4110, 0.99
4111, 0.94
4112, 0.74
4113, 0.56
4114, 0.23
4115, 0.36
4116, 0.40
4117, 0.59
4118, 0.60
4119, 0.22
4120, 0.79
4121, 0.26
4122, 0.22
4123, 0.22
4124, 0.73
4125, 0.38
4126, 0.14
4127, 0.89
4128, 0.51
4129, 0.88
4130, 0.43
4131, 0.69
4132, 0.52
4133, 0.95
4134, 0.90
4135, 0.80
4136, 0.86
4137, 0.78
4138, 0.37
4139, 0.46
4140, 0.47
4141, 0.97
4142, 0.43
4143, 0.40
4144, 0.11
4145, 0.62
4146, 0.95
4147, 0.54
4148, 0.03
4149, 0.07
4150, 0.82
4151, 0.66
4152, 0.64
4153, 0.56
4154, 0.28
4155, 0.97
4156, 0.03
4157, 0.78
4158, 0.54
4159, 0.53
4160, 0.40
4161, 0.18
4162, 0.79
4163, 0.40
4164, 0.44
4165, 0.90
4166, 0.91
4167, 0.45
4168, 0.61
4169, 0.38
4170, 0.77
4171, 0.64
4172, 0.41
4173, 0.84
4174, 0.14
4175, 0.09
4176, 0.88
4177, 0.93
4178, 0.61
4179, 0.91
4180, 0.55
4181, 0.21
4182, 0.29
4183, 0.78
4184, 0.58
4185, 0.70
4186, 0.69
4187, 0.77
4188, 0.86
4189, 0.70
4190, 0.11
4191, 0.39
4192, 0.19
4193, 0.89
4194, 0.19
4195, 0.14
4196, 0.31
4197, 0.12
4198, 0.27
4199, 0.40
4200, 0.12
4201, 0.33
4202, 0.30
4203, 0.33
4204, 0.74
4205, 0.26
4206, 0.53
4207, 0.04
4208, 0.78
4209, 0.19
4210, 0.25
4211, 0.16
4212, 0.75
4213, 0.97
4214, 0.18
4215, 0.60
4216, 0.96
4217, 0.13
4218, 0.77
4219, 0.87
4220, 0.54
4221, 0.61
4222, 0.65
4223, 0.31
4224, 0.49
4225, 0.18
4226, 0.06
4227, 0.50
4228, 0.23
4229, 0.68
4230, 0.27
4231, 0.44
4232, 0.94
4233, 0.87
4234, 0.36
4235, 0.68
4236, 0.23
4237, 0.12
4238, 0.27
4239, 0.89
4240, 0.58
4241, 0.19
4242, 0.98
4243, 0.67
4244, 0.46
4245, 0.19
4246, 0.10
4247, 0.99
4248, 0.78
4249, 0.72
4250, 0.16
4251, 0.55
4252, 0.96
4253, 0.46
4254, 0.80
4255, 0.50
4256, 0.25
4257, 0.70
4258, 0.40
4259, 0.25
4260, 0.91
4261, 0.31
4262, 0.25
4263, 0.10
4264, 0.58
4265, 0.14
4266, 0.78
4267, 0.07
4268, 0.98
4269, 0.46
4270, 0.35
4271, 0.23
4272, 0.24
4273, 0.06
4274, 0.25
4275, 0.78
4276, 0.85
4277, 0.10
4278, 0.17
4279, 0.15
4280, 0.20
4281, 0.15
4282, 0.81
4283, 0.30
4284, 0.74
4285, 0.90
4286, 0.27
4287, 0.35
4288, 0.53
4289, 0.07
4290, 0.30
4291, 0.41
4292, 0.18
4293, 0.28
4294, 0.94
4295, 0.74
4296, 0.69
4297, 0.32
4298, 0.33
4299, 0.19
4300, 0.36
4301, 0.46
4302, 0.29
4303, 0.46
4304, 0.62
4305, 1.00
4306, 0.70
4307, 0.33
4308, 0.22
4309, 0.37
4310, 0.32
4311, 0.37
4312, 0.07
4313, 0.25
4314, 0.10
4315, 0.65
4316, 0.14
4317, 0.08
4318, 0.34
4319, 0.01
4320, 0.41
4321, 0.82
4322, 0.64
4323, 0.99
4324, 0.11
4325, 0.51
4326, 0.74
4327, 0.64
4328, 0.71
4329, 0.69
4330, 0.08
4331, 0.14
4332, 0.39
4333, 0.93
4334, 0.70
4335, 0.71
4336, 0.70
4337, 0.18
4338, 0.62
4339, 0.95
4340, 0.90
4341, 0.85
4342, 0.71
4343, 0.06
4344, 0.60
4345, 0.31
4346, 0.29
4347, 0.24
4348, 0.06
4349, 0.03
4350, 0.10
4351, 0.86
4352, 0.04
4353, 0.81
4354, 0.23
4355, 0.30
4356, 0.28
4357, 0.70
4358, 0.28
4359, 0.79
4360, 0.72
4361, 0.19
4362, 0.43
4363, 0.74
4364, 0.25
4365, 0.65
4366, 0.37
4367, 0.69
4368, 0.98
4369, 0.54
4370, 0.68
4371, 0.29
4372, 0.68
4373, 0.24
4374, 0.36
4375, 0.10
4376, 0.49
4377, 0.38
4378, 0.29
4379, 0.40
4380, 0.92
4381, 0.52
4382, 0.41
4383, 0.12
4384, 0.54
4385, 0.17
4386, 0.86
4387, 0.31
4388, 0.95
4389, 0.84
4390, 0.01
4391, 0.13
4392, 0.45
4393, 0.02
4394, 0.17
4395, 0.85
4396, 0.89
4397, 0.79
4398, 0.06
4399, 0.14
4400, 0.92
4401, 0.12
4402, 0.55
4403, 0.73
4404, 0.83
4405, 0.39
4406, 0.24
4407, 0.05
4408, 0.99
4409, 0.34
4410, 0.70
4411, 0.21
4412, 0.78
4413, 0.91
4414, 0.13
4415, 0.13
4416, 0.90
4417, 0.54
4418, 0.36
4419, 0.40
4420, 0.42
4421, 0.14
4422, 0.77
4423, 0.23
4424, 0.94
4425, 0.65
4426, 0.33
4427, 0.26
4428, 0.12
4429, 0.60
4430, 0.79
4431, 0.24
4432, 0.63
4433, 0.54
4434, 0.61
4435, 0.25
4436, 0.39
4437, 0.81
4438, 0.54
4439, 0.99
4440, 0.97
4441, 0.33
4442, 0.81
4443, 0.61
4444, 0.04
4445, 0.06
4446, 0.22
4447, 0.87
4448, 0.46
4449, 0.71
4450, 0.71
4451, 0.21
4452, 0.49
4453, 0.56
4454, 0.11
4455, 0.16
4456, 0.22
4457, 0.28
4458, 0.99
4459, 0.59
4460, 0.40
4461, 0.15
4462, 0.26
4463, 0.07
4464, 0.12
4465, 0.40
4466, 0.26
4467, 0.14
4468, 0.59
4469, 0.78
4470, 0.25
4471, 0.18
4472, 0.35
4473, 0.62
4474, 0.05
4475, 0.80
4476, 0.92
4477, 0.44
4478, 0.99
4479, 0.40
4480, 0.64
4481, 0.53
4482, 0.26
4483, 0.93
4484, 0.33
4485, 0.38
4486, 0.41
4487, 0.39
4488, 0.81
4489, 0.45
4490, 0.42
4491, 0.90
4492, 0.73
4493, 0.57
4494, 0.44
4495, 0.98
4496, 0.34
4497, 0.77
4498, 0.96
4499, 0.08
4500, 0.11
4501, 0.67
4502, 0.91
4503, 0.38
4504, 0.36
4505, 0.89
4506, 0.52
4507, 0.19
4508, 0.93
4509, 0.20
4510, 0.21
4511, 0.58
4512, 0.74
4513, 0.22
4514, 0.73
4515, 0.42
4516, 0.18
4517, 0.67
4518, 0.56
4519, 0.67
4520, 0.09
4521, 0.24
4522, 0.65
4523, 0.91
4524, 0.15
4525, 0.20
4526, 0.23
4527, 0.99
4528, 0.35
4529, 0.93
4530, 0.21
4531, 0.35
4532, 0.56
4533, 0.55
4534, 0.95
4535, 0.85
4536, 0.34
4537, 0.99
4538, 0.51
4539, 0.04
4540, 0.65
4541, 0.33
4542, 0.11
4543, 0.29
4544, 0.32
4545, 0.88
4546, 0.20
4547, 0.23
4548, 0.92
4549, 0.42
4550, 0.26
4551, 0.15
4552, 0.87
4553, 0.99
4554, 0.36
4555, 0.85
4556, 0.87
4557, 0.69
4558, 0.13
4559, 0.80
4560, 0.68
4561, 0.65
4562, 0.91
4563, 0.83
4564, 0.98
4565, 0.79
4566, 0.78
4567, 0.22
4568, 0.51
4569, 0.81
4570, 0.72
4571, 0.40
4572, 0.35
4573, 0.41
4574, 0.03
4575, 0.65
4576, 0.95
4577, 0.13
4578, 0.20
4579, 0.36
4580, 0.36
4581, 0.72
4582, 0.96
4583, 0.71
4584, 0.34
4585, 0.98
4586, 0.14
4587, 0.76
4588, 0.89
4589, 0.12
4590, 0.18
4591, 0.71
4592, 0.45
4593, 0.08
4594, 0.38
4595, 0.61
4596, 0.36
4597, 0.73
4598, 0.26
4599, 0.55
4600, 0.14
4601, 0.04
4602, 0.09
4603, 0.27
4604, 0.16
4605, 0.84
4606, 0.22
4607, 0.21
4608, 0.36
4609, 0.59
4610, 0.34
4611, 0.27
4612, 0.30
4613, 0.50
4614, 0.38
4615, 0.07
4616, 0.82
4617, 0.88
4618, 0.95
4619, 0.33
4620, 0.39
4621, 0.42
4622, 0.86
4623, 0.91
4624, 0.83
4625, 0.46
4626, 0.52
4627, 0.04
4628, 0.19
4629, 0.95
4630, 0.61
4631, 0.14
4632, 0.77
4633, 0.44
4634, 0.88
4635, 0.28
4636, 0.85
4637, 0.07
4638, 0.24
4639, 0.99
4640, 0.93
4641, 0.27
4642, 0.25
4643, 0.91
4644, 0.79
4645, 0.16
4646, 0.73
4647, 0.30
4648, 0.38
4649, 0.59
4650, 0.41
4651, 0.58
4652, 0.67
4653, 0.59
4654, 0.18
4655, 0.38
4656, 0.78
4657, 0.47
4658, 0.38
4659, 0.43
4660, 0.16
4661, 0.69
4662, 0.83
4663, 0.40
4664, 0.93
4665, 0.15
4666, 0.55
4667, 0.93
4668, 0.11
4669, 0.14
4670, 0.15
4671, 0.31
4672, 0.82
4673, 0.04
4674, 0.94
4675, 0.21
4676, 0.11
4677, 0.53
4678, 0.01
4679, 0.10
4680, 0.47
4681, 0.35
4682, 0.92
4683, 0.97
4684, 0.79
4685, 0.57
4686, 0.76
4687, 0.27
4688, 0.24
4689, 0.40
4690, 0.87
4691, 0.28
4692, 0.89
4693, 0.84
4694, 0.34
4695, 0.83
4696, 0.16
4697, 0.05
4698, 0.13
4699, 0.58
4700, 0.96
4701, 0.53
4702, 0.49
4703, 0.65
4704, 0.14
4705, 0.72
4706, 0.57
4707, 0.50
4708, 0.79
4709, 0.91
4710, 0.33
4711, 0.40
4712, 0.52
4713, 0.80
4714, 0.46
4715, 0.41
4716, 0.66
4717, 0.14
4718, 0.91
4719, 0.95
4720, 0.07
4721, 0.62
4722, 0.71
4723, 0.61
4724, 0.24
4725, 0.08
4726, 0.29
4727, 0.39
4728, 0.81
4729, 0.10
4730, 0.34
4731, 0.53
4732, 0.56
4733, 0.75
4734, 0.29
4735, 0.54
4736, 0.55
4737, 0.79
4738, 0.95
4739, 0.69
4740, 0.67
4741, 0.55
4742, 0.81
4743, 0.66
4744, 0.85
4745, 0.36
4746, 0.57
4747, 0.90
4748, 0.45
4749, 0.99
4750, 0.47
4751, 0.53
4752, 0.34
4753, 0.11
4754, 0.80
4755, 0.49
4756, 0.58
4757, 0.59
4758, 0.92
4759, 0.26
4760, 0.48
4761, 0.19
4762, 0.99
4763, 0.29
4764, 0.06
4765, 0.24
4766, 0.22
4767, 0.38
4768, 0.42
4769, 0.82
4770, 0.63
4771, 0.99
4772, 0.80
4773, 0.74
4774, 0.76
4775, 0.72
4776, 0.25
4777, 0.66
4778, 0.81
4779, 0.42
4780, 0.82
4781, 0.97
4782, 0.37
4783, 0.95
4784, 0.94
4785, 0.97
4786, 0.40
4787, 0.84
4788, 0.37
4789, 0.54
4790, 0.53
4791, 0.75
4792, 0.76
4793, 0.58
4794, 0.44
4795, 0.68
4796, 0.98
4797, 0.88
4798, 0.33
4799, 0.32
4800, 0.25
4801, 0.24
4802, 0.32
4803, 0.24
4804, 0.67
4805, 0.70
4806, 0.66
4807, 0.24
4808, 0.93
4809, 0.39
4810, 0.33
4811, 0.18
4812, 0.21
4813, 0.15
4814, 0.03
4815, 0.29
4816, 0.14
4817, 0.55
4818, 0.21
4819, 0.27
4820, 0.91
4821, 0.27
4822, 0.54
4823, 0.04
4824, 0.35
4825, 0.07
4826, 0.49
4827, 0.27
4828, 0.67
4829, 0.91
4830, 0.85
4831, 0.65
4832, 0.41
4833, 0.97
4834, 0.24
4835, 0.37
4836, 0.88
4837, 0.11
4838, 0.51
4839, 0.18
4840, 0.19
4841, 0.18
4842, 0.15
4843, 0.44
4844, 0.58
4845, 0.27
4846, 0.77
4847, 0.45
4848, 0.97
4849, 0.10
4850, 0.30
4851, 0.01
4852, 0.41
4853, 0.42
4854, 0.44
4855, 0.37
4856, 0.01
4857, 0.85
4858, 0.63
4859, 0.23
4860, 0.52
4861, 0.26
4862, 0.63
4863, 0.76
4864, 0.86
4865, 0.72
4866, 0.77
4867, 0.43
4868, 0.07
4869, 0.28
4870, 0.47
4871, 0.88
4872, 0.52
4873, 0.40
4874, 0.07
4875, 0.34
4876, 0.33
4877, 0.95
4878, 0.62
4879, 0.05
4880, 0.61
4881, 0.76
4882, 0.99
4883, 0.98
4884, 0.38
4885, 0.48
4886, 0.91
4887, 0.64
4888, 0.54
4889, 0.46
4890, 0.23
4891, 0.42
4892, 0.50
4893, 0.34
4894, 0.06
4895, 0.42
4896, 0.89
4897, 0.58
4898, 0.29
4899, 0.65
4900, 0.54
4901, 0.43
4902, 0.63
4903, 0.62
4904, 0.75
4905, 0.18
4906, 0.98
4907, 0.55
4908, 0.36
4909, 0.65
4910, 0.18
4911, 0.26
4912, 0.97
4913, 0.63
4914, 0.71
4915, 0.99
4916, 0.97
4917, 0.61
4918, 0.60
4919, 0.13
4920, 0.55
4921, 0.22
4922, 0.51
4923, 0.90
4924, 0.71
4925, 0.66
4926, 0.09
4927, 0.86
4928, 0.68
4929, 0.97
4930, 0.67
4931, 0.78
4932, 0.28
4933, 0.11
4934, 0.01
4935, 0.38
4936, 0.24
4937, 0.81
4938, 0.49
4939, 0.74
4940, 0.59
4941, 0.76
4942, 0.59
4943, 0.46
4944, 0.81
4945, 0.11
4946, 0.90
4947, 0.10
4948, 0.93
4949, 0.77
4950, 0.80
4951, 0.54
4952, 0.61
4953, 0.63
4954, 0.61
4955, 0.29
4956, 0.12
4957, 0.36
4958, 0.32
4959, 0.25
4960, 0.55
4961, 0.96
4962, 0.07
4963, 0.28
4964, 0.52
4965, 0.27
4966, 0.73
4967, 0.39
4968, 0.79
4969, 0.87
4970, 0.17
4971, 0.23
4972, 0.14
4973, 0.48
4974, 0.55
4975, 0.47
4976, 0.27
4977, 0.30
4978, 0.07
4979, 0.34
4980, 0.13
4981, 0.51
4982, 0.35
4983, 0.96
4984, 0.47
4985, 0.40
4986, 0.63
4987, 0.51
4988, 0.95
4989, 0.77
4990, 0.05
4991, 0.42
4992, 0.06
4993, 0.77
4994, 0.70
4995, 0.88
4996, 0.06
4997, 0.10
4998, 0.11
4999, 0.43
5000, 0.96
5001, 0.14
5002, 0.55
5003, 0.61
5004, 0.44
5005, 0.08
5006, 0.78
5007, 0.23
5008, 0.56
5009, 0.60
5010, 0.31
5011, 0.04
5012, 0.47
5013, 0.46
5014, 0.83
5015, 0.12
5016, 0.05
5017, 0.71
5018, 0.75
5019, 0.92
5020, 0.16
5021, 0.07
5022, 0.76
5023, 0.76
5024, 0.66
5025, 0.46
5026, 0.17
5027, 0.20
5028, 0.35
5029, 0.05
5030, 0.43
5031, 0.50
5032, 0.10
5033, 0.82
5034, 0.11
5035, 0.67
5036, 0.68
5037, 0.74
5038, 0.39
5039, 0.89
5040, 0.75
5041, 0.65
5042, 0.71
5043, 0.25
5044, 0.66
5045, 0.52
5046, 0.67
5047, 0.37
5048, 0.42
5049, 0.45
5050, 0.88
5051, 0.27
5052, 0.03
5053, 0.97
5054, 0.49
5055, 0.74
5056, 0.16
5057, 0.07
5058, 0.27
5059, 0.88
5060, 0.95
5061, 0.10
5062, 0.52
5063, 0.60
5064, 0.28
5065, 0.01
5066, 0.45
5067, 0.58
5068, 0.52
5069, 0.16
5070, 0.44
5071, 0.50
5072, 0.56
5073, 0.90
5074, 0.18
5075, 0.49
5076, 0.11
5077, 0.21
5078, 0.38
5079, 0.95
5080, 0.45
5081, 0.04
5082, 0.22
5083, 0.45
5084, 0.75
5085, 0.91
5086, 0.26
5087, 0.31
5088, 0.84
5089, 0.90
5090, 0.18
5091, 0.77
5092, 0.73
5093, 0.33
5094, 0.18
5095, 0.20
5096, 0.71
5097, 0.06
5098, 0.83
5099, 0.30
5100, 0.83
5101, 0.78
5102, 0.31
5103, 0.84
5104, 0.30
5105, 0.55
5106, 0.72
5107, 0.77
5108, 0.40
5109, 0.97
5110, 0.22
5111, 0.30
5112, 0.10
5113, 0.23
5114, 0.07
5115, 0.22
5116, 0.17
5117, 0.87
5118, 0.54
5119, 0.44
5120, 0.59
5121, 0.69
5122, 0.25
5123, 0.17
5124, 0.80
5125, 0.91
5126, 0.19
5127, 0.05
5128, 0.23
5129, 0.87
5130, 0.12
5131, 0.02
5132, 0.28
5133, 0.81
5134, 0.63
5135, 0.55
5136, 0.03
5137, 0.46
5138, 0.91
5139, 0.53
5140, 0.90
5141, 0.65
5142, 0.98
5143, 0.10
5144, 0.56
5145, 0.40
5146, 0.46
5147, 0.70
5148, 0.66
5149, 0.31
5150, 0.54
5151, 0.68
5152, 0.02
5153, 0.54
5154, 0.79
5155, 0.31
5156, 0.64
5157, 0.85
5158, 0.21
5159, 0.57
5160, 0.13
5161, 0.82
5162, 0.25
5163, 0.30
5164, 0.59
5165, 0.85
5166, 0.20
5167, 0.78
5168, 0.08
5169, 0.34
5170, 0.76
5171, 0.38
5172, 0.09
5173, 0.34
5174, 0.55
5175, 0.27
5176, 0.98
5177, 0.59
5178, 0.79
5179, 0.13
5180, 0.63
5181, 0.78
5182, 0.05
5183, 0.09
5184, 0.93
5185, 0.92
5186, 0.42
5187, 0.16
5188, 0.25
5189, 0.12
5190, 0.39
5191, 0.19
5192, 0.11
5193, 0.50
5194, 0.76
5195, 0.98
5196, 0.39
5197, 0.04
5198, 0.66
5199, 0.55
5200, 0.98
5201, 0.60
5202, 0.08
5203, 0.51
5204, 0.18
5205, 0.41
5206, 0.41
5207, 0.94
5208, 0.22
5209, 0.25
5210, 0.05
5211, 0.46
5212, 0.53
5213, 0.78
5214, 0.39
5215, 0.11
5216, 0.64
5217, 0.28
5218, 0.06
5219, 0.86
5220, 0.94
5221, 0.47
5222, 0.74
5223, 0.63
5224, 0.79
5225, 0.39
5226, 0.62
5227, 0.05
5228, 0.36
5229, 0.01
5230, 0.37
5231, 0.16
5232, 0.76
5233, 0.39
5234, 0.04
5235, 0.79
5236, 0.12
5237, 0.44
5238, 0.06
5239, 0.19
5240, 0.62
5241, 0.52
5242, 0.02
5243, 0.67
5244, 0.99
5245, 0.63
5246, 0.67
5247, 0.63
5248, 0.76
5249, 0.16
5250, 0.21
5251, 0.21
5252, 0.80
5253, 0.26
5254, 0.06
5255, 0.25
5256, 0.28
5257, 0.09
5258, 0.40
5259, 0.30
5260, 0.82
5261, 0.95
5262, 0.67
5263, 0.29
5264, 0.49
5265, 0.13
5266, 0.57
5267, 0.98
5268, 0.31
5269, 0.97
5270, 0.63
5271, 0.59
5272, 0.94
5273, 0.55
5274, 0.65
5275, 0.37
5276, 0.87
5277, 0.54
5278, 0.44
5279, 0.53
5280, 0.44
5281, 0.92
5282, 0.42
5283, 0.45
5284, 0.46
5285, 0.43
5286, 0.05
5287, 0.43
5288, 0.90
5289, 0.62
5290, 0.41
5291, 0.94
5292, 0.49
5293, 0.17
5294, 0.14
5295, 0.17
5296, 0.16
5297, 0.74
5298, 0.12
5299, 0.96
5300, 0.20
5301, 0.72
5302, 0.63
5303, 0.34
5304, 0.76
5305, 0.04
5306, 0.43
5307, 0.58
5308, 0.27
5309, 0.43
5310, 0.83
5311, 0.19
5312, 0.36
5313, 0.58
5314, 0.67
5315, 0.94
5316, 0.31
5317, 0.03
5318, 0.14
5319, 0.98
5320, 0.71
5321, 0.37
5322, 0.72
5323, 0.25
5324, 0.19
5325, 0.77
5326, 0.85
5327, 0.30
5328, 0.38
5329, 0.22
5330, 0.26
5331, 0.62
5332, 0.17
5333, 0.64
5334, 0.33
5335, 0.85
5336, 0.28
5337, 0.74
5338, 0.74
5339, 0.04
5340, 0.01
5341, 0.73
5342, 0.12
5343, 0.12
5344, 0.60
5345, 0.43
5346, 0.47
5347, 0.34
5348, 0.19
5349, 0.14
5350, 0.63
5351, 0.81
5352, 0.57
5353, 0.44
5354, 0.16
5355, 0.91
5356, 0.89
5357, 0.83
5358, 0.35
5359, 0.17
5360, 0.21
5361, 0.78
5362, 0.89
5363, 0.74
5364, 0.12
5365, 0.34
5366, 0.62
5367, 0.90
5368, 0.75
5369, 0.19
5370, 0.94
5371, 0.58
5372, 0.64
5373, 0.25
5374, 0.16
5375, 0.70
5376, 0.10
5377, 0.61
5378, 0.89
5379, 0.12
5380, 0.13
5381, 0.80
5382, 0.11
5383, 0.76
5384, 0.82
5385, 0.30
5386, 0.88
5387, 0.48
5388, 0.04
5389, 0.09
5390, 0.29
5391, 0.74
5392, 0.48
5393, 0.61
5394, 0.85
5395, 0.23
5396, 0.96
5397, 0.43
5398, 0.30
5399, 0.24
5400, 0.62
5401, 0.85
5402, 0.69
5403, 0.70
5404, 0.25
5405, 0.62
5406, 0.31
5407, 0.94
5408, 0.52
5409, 0.54
5410, 0.15
5411, 0.12
5412, 0.97
5413, 0.49
5414, 0.64
5415, 0.83
5416, 0.91
5417, 0.44
5418, 0.18
5419, 0.95
5420, 0.09
5421, 0.56
5422, 0.38
5423, 0.62
5424, 0.93
5425, 0.82
5426, 0.43
5427, 0.58
5428, 0.42
5429, 0.73
5430, 0.21
5431, 0.30
5432, 0.22
5433, 0.32
5434, 0.96
5435, 0.59
5436, 0.50
5437, 0.78
5438, 0.78
5439, 0.63
5440, 0.55
5441, 0.46
5442, 0.70
5443, 0.21
5444, 0.49
5445, 0.97
5446, 0.90
5447, 0.37
5448, 0.77
5449, 0.41
5450, 0.35
5451, 0.81
5452, 0.10
5453, 0.92
5454, 0.72
5455, 0.99
5456, 0.88
5457, 0.83
5458, 0.65
5459, 0.82
5460, 0.79
5461, 0.87
5462, 0.46
5463, 0.50
5464, 0.88
5465, 0.57
5466, 0.47
5467, 0.47
5468, 0.23
5469, 0.32
5470, 0.24
5471, 0.34
5472, 0.76
5473, 0.57
5474, 0.50
5475, 0.06
5476, 0.40
5477, 0.87
5478, 0.62
5479, 0.93
5480, 0.28
5481, 0.87
5482, 0.24
5483, 0.10
5484, 0.84
5485, 0.03
5486, 0.69
5487, 0.85
5488, 0.08
5489, 0.44
5490, 0.98
5491, 0.45
5492, 0.59
5493, 0.61
5494, 0.48
5495, 0.68
5496, 0.99
5497, 0.68
5498, 0.77
5499, 0.30
5500, 0.95
5501, 0.42
5502, 0.32
5503, 0.95
5504, 0.66
5505, 0.84
5506, 0.80
5507, 0.91
5508, 0.63
5509, 0.10
5510, 0.88
5511, 0.38
5512, 0.44
5513, 0.42
5514, 0.97
5515, 0.43
5516, 0.64
5517, 0.14
5518, 0.53
5519, 0.27
5520, 0.23
5521, 0.40
5522, 0.47
5523, 0.61
5524, 0.98
5525, 0.50
5526, 0.62
5527, 0.07
5528, 0.16
5529, 0.43
5530, 0.73
5531, 0.21
5532, 0.53
5533, 0.81
5534, 0.07
5535, 0.81
5536, 0.24
5537, 0.60
5538, 0.95
5539, 0.32
5540, 0.03
5541, 0.33
5542, 0.89
5543, 0.29
5544, 0.98
5545, 0.63
5546, 0.39
5547, 0.11
5548, 0.24
5549, 0.10
5550, 0.61
5551, 0.57
5552, 0.07
5553, 0.16
5554, 0.80
5555, 0.33
5556, 0.27
5557, 0.70
5558, 0.28
5559, 0.70
5560, 0.77
5561, 0.03
5562, 0.54
5563, 0.56
5564, 0.50
5565, 0.07
5566, 0.22
5567, 0.02
5568, 0.44
5569, 0.61
5570, 0.38
5571, 0.23
5572, 0.91
5573, 0.99
5574, 0.17
5575, 0.92
5576, 0.12
5577, 0.07
5578, 0.62
5579, 0.22
5580, 0.57
5581, 0.24
5582, 0.25
5583, 0.82
5584, 0.11
5585, 0.82
5586, 0.46
5587, 0.31
5588, 0.65
5589, 0.76
5590, 0.73
5591, 0.88
5592, 0.43
5593, 0.58
5594, 0.89
5595, 0.67
5596, 0.04
5597, 0.12
5598, 0.95
5599, 0.98
5600, 0.85
5601, 0.86
5602, 0.62
5603, 0.63
5604, 0.46
5605, 0.59
5606, 0.27
5607, 0.59
5608, 0.31
5609, 0.07
5610, 0.06
5611, 0.66
5612, 0.75
5613, 0.31
5614, 0.68
5615, 0.04
5616, 0.40
5617, 0.42
5618, 0.71
5619, 0.48
5620, 0.55
5621, 0.94
5622, 0.29
5623, 0.14
5624, 0.71
5625, 0.77
5626, 0.27
5627, 0.81
5628, 0.18
5629, 0.24
5630, 0.37
5631, 0.34
5632, 0.61
5633, 0.94
5634, 0.23
5635, 0.91
5636, 0.02
5637, 0.22
5638, 0.98
5639, 0.62
5640, 0.81
5641, 0.35
5642, 0.76
5643, 0.33
5644, 0.95
5645, 0.18
5646, 0.05
5647, 0.16
5648, 0.22
5649, 0.58
5650, 0.60
5651, 0.58
5652, 0.82
5653, 0.45
5654, 0.31
5655, 0.63
5656, 0.46
5657, 0.62
5658, 0.99
5659, 0.51
5660, 0.92
5661, 0.48
5662, 1.00
5663, 0.41
5664, 0.85
5665, 0.66
5666, 0.93
5667, 0.56
5668, 0.49
5669, 0.02
5670, 0.38
5671, 0.72
5672, 0.78
5673, 0.07
5674, 0.17
5675, 0.98
5676, 0.32
5677, 0.55
5678, 0.47
5679, 0.56
5680, 0.61
5681, 0.53
5682, 0.25
5683, 0.63
5684, 0.87
5685, 0.05
5686, 0.69
5687, 0.81
5688, 0.90
5689, 0.38
5690, 0.15
5691, 0.87
5692, 0.65
5693, 0.10
5694, 0.49
5695, 0.27
5696, 0.28
5697, 0.74
5698, 0.36
5699, 0.39
5700, 0.37
5701, 0.97
5702, 0.59
5703, 0.95
5704, 0.58
5705, 0.98
5706, 0.62
5707, 0.17
5708, 0.53
5709, 0.76
5710, 0.89
5711, 0.38
5712, 0.67
5713, 0.06
5714, 0.55
5715, 0.48
5716, 0.71
5717, 0.79
5718, 0.51
5719, 0.13
5720, 0.62
5721, 0.80
5722, 0.48
5723, 0.59
5724, 0.54
5725, 0.56
5726, 0.89
5727, 0.05
5728, 0.69
5729, 0.04
5730, 0.69
5731, 0.79
5732, 0.59
5733, 0.88
5734, 0.51
5735, 0.18
5736, 0.96
5737, 0.29
5738, 0.68
5739, 0.59
5740, 0.28
5741, 0.17
5742, 0.22
5743, 0.38
5744, 0.09
5745, 0.45
5746, 0.47
5747, 0.49
5748, 0.04
5749, 0.90
5750, 0.61
5751, 0.90
5752, 0.34
5753, 0.67
5754, 0.28
5755, 0.67
5756, 0.82
5757, 0.54
5758, 0.41
5759, 0.63
5760, 0.30
5761, 0.88
5762, 0.31
5763, 0.56
5764, 0.46
5765, 0.30
5766, 0.18
5767, 0.29
5768, 0.28
5769, 0.94
5770, 0.54
5771, 0.06
5772, 0.70
5773, 0.79
5774, 0.58
5775, 0.54
5776, 0.47
5777, 0.51
5778, 0.27
5779, 0.44
5780, 0.44
5781, 0.29
5782, 0.62
5783, 0.64
5784, 0.76
5785, 0.72
5786, 0.91
5787, 0.67
5788, 0.75
5789, 0.49
5790, 0.95
5791, 0.23
5792, 0.52
5793, 0.61
5794, 0.25
5795, 0.59
5796, 0.12
5797, 0.16
5798, 0.62
5799, 0.71
5800, 0.11
5801, 0.17
5802, 0.61
5803, 0.39
5804, 0.90
5805, 0.97
5806, 0.63
5807, 0.10
5808, 0.31
5809, 0.51
5810, 0.44
5811, 0.02
5812, 0.10
5813, 0.60
5814, 0.83
5815, 0.68
5816, 0.57
5817, 0.07
5818, 0.86
5819, 0.70
5820, 0.65
5821, 0.54
5822, 0.17
5823, 0.30
5824, 0.92
5825, 0.72
5826, 0.57
5827, 0.47
5828, 0.63
5829, 0.72
5830, 0.61
5831, 0.45
5832, 0.88
5833, 0.36
5834, 0.63
5835, 0.24
5836, 0.45
5837, 0.48
5838, 0.78
5839, 0.94
5840, 0.69
5841, 0.59
5842, 0.15
5843, 0.92
5844, 0.56
5845, 0.96
5846, 0.89
5847, 0.11
5848, 0.53
5849, 0.02
5850, 0.17
5851, 0.49
5852, 0.38
5853, 0.54
5854, 0.13
5855, 0.77
5856, 0.55
5857, 0.74
5858, 0.18
5859, 0.37
5860, 0.63
5861, 0.15
5862, 0.14
5863, 0.69
5864, 0.99
5865, 0.83
5866, 0.54
5867, 0.96
5868, 0.05
5869, 0.11
5870, 0.29
5871, 0.31
5872, 0.42
5873, 0.81
5874, 0.13
5875, 0.28
5876, 0.68
5877, 0.95
5878, 0.54
5879, 0.52
5880, 0.66
5881, 0.09
5882, 0.06
5883, 0.95
5884, 0.55
5885, 0.72
5886, 0.46
5887, 0.63
5888, 0.71
5889, 0.69
5890, 0.46
5891, 0.31
5892, 0.41
5893, 0.32
5894, 0.43
5895, 0.35
5896, 0.97
5897, 0.21
5898, 0.85
5899, 0.48
5900, 0.48
5901, 0.75
5902, 0.29
5903, 0.75
5904, 0.89
5905, 0.68
5906, 0.36
5907, 0.31
5908, 0.16
5909, 0.44
5910, 0.96
5911, 0.03
5912, 0.16
5913, 0.93
5914, 0.59
5915, 0.32
5916, 0.05
5917, 0.84
5918, 0.03
5919, 0.31
5920, 0.35
5921, 0.41
5922, 0.64
5923, 0.87
5924, 0.13
5925, 0.23
5926, 0.70
5927, 0.24
5928, 0.23
5929, 0.83
5930, 0.90
5931, 0.51
5932, 0.70
5933, 0.99
5934, 0.07
5935, 0.11
5936, 0.09
5937, 0.75
5938, 0.48
5939, 0.28
5940, 0.32
5941, 0.97
5942, 0.53
5943, 0.31
5944, 0.45
5945, 0.98
5946, 0.63
5947, 0.28
5948, 0.23
5949, 0.56
5950, 0.18
5951, 0.50
5952, 0.36
5953, 0.06
5954, 0.87
5955, 0.23
5956, 0.08
5957, 0.57
5958, 0.39
5959, 0.17
5960, 0.37
5961, 0.64
5962, 0.51
5963, 0.78
5964, 0.86
5965, 0.43
5966, 0.85
5967, 0.06
5968, 0.15
5969, 0.08
5970, 0.11
5971, 0.27
5972, 0.70
5973, 0.32
5974, 0.43
5975, 0.24
5976, 0.10
5977, 0.33
5978, 0.70
5979, 0.79
5980, 0.71
5981, 0.43
5982, 0.72
5983, 0.57
5984, 0.54
5985, 0.52
5986, 0.85
5987, 0.65
5988, 0.53
5989, 0.40
5990, 0.95
5991, 0.97
5992, 0.46
5993, 0.58
5994, 0.75
5995, 0.99
5996, 0.16
5997, 0.53
5998, 0.35
5999, 0.25
6000, 0.99
6001, 0.15
6002, 0.97
6003, 0.59
6004, 0.60
6005, 0.58
6006, 0.13
6007, 0.18
6008, 0.22
6009, 0.39
6010, 0.45
6011, 0.37
6012, 0.73
6013, 0.47
6014, 0.32
6015, 0.46
6016, 0.43
6017, 0.65
6018, 0.87
6019, 0.46
6020, 0.49
6021, 0.08
6022, 0.01
6023, 0.80
6024, 0.65
6025, 0.27
6026, 0.04
6027, 0.92
6028, 0.46
6029, 0.39
6030, 0.75
6031, 0.21
6032, 0.97
6033, 0.57
6034, 0.77
6035, 0.52
6036, 0.99
6037, 0.64
6038, 0.85
6039, 0.26
6040, 0.68
6041, 0.51
6042, 0.49
6043, 0.78
6044, 0.87
6045, 0.59
6046, 0.96
6047, 0.76
6048, 0.75
6049, 0.37
6050, 0.82
6051, 0.48
6052, 0.77
6053, 0.81
6054, 0.60
6055, 0.70
6056, 0.42
6057, 0.58
6058, 0.61
6059, 0.67
6060, 0.39
6061, 0.65
6062, 0.57
6063, 0.11
6064, 0.53
6065, 0.69
6066, 0.43
6067, 0.35
6068, 0.66
6069, 0.59
6070, 0.37
6071, 0.90
6072, 0.26
6073, 0.58
6074, 0.27
6075, 0.66
6076, 0.22
6077, 0.31
6078, 0.41
6079, 0.37
6080, 0.12
6081, 0.69
6082, 0.60
6083, 0.65
6084, 0.82
6085, 0.81
6086, 0.11
6087, 0.51
6088, 0.45
6089, 0.58
6090, 0.21
6091, 0.61
6092, 0.16
6093, 0.89
6094, 0.30
6095, 0.24
6096, 0.68
6097, 0.82
6098, 0.43
6099, 0.67
6100, 0.52
6101, 0.31
6102, 0.09
6103, 0.97
6104, 0.05
6105, 0.10
6106, 0.62
6107, 0.50
6108, 0.18
6109, 0.63
6110, 0.13
6111, 0.50
6112, 0.05
6113, 0.26
6114, 0.43
6115, 0.69
6116, 0.33
6117, 0.85
6118, 0.43
6119, 0.45
6120, 0.21
6121, 0.73
6122, 0.02
6123, 0.21
6124, 0.38
6125, 0.59
6126, 0.45
6127, 0.48
6128, 0.42
6129, 0.34
6130, 0.45
6131, 0.95
6132, 0.30
6133, 0.89
6134, 0.19
6135, 0.65
6136, 0.47
6137, 0.85
6138, 0.37
6139, 0.79
6140, 0.88
6141, 0.93
6142, 0.89
6143, 0.20
6144, 0.24
6145, 0.58
6146, 0.50
6147, 0.20
6148, 0.30
6149, 0.06
6150, 0.76
6151, 0.39
6152, 0.27
6153, 0.62
6154, 0.89
6155, 0.12
6156, 0.07
6157, 0.75
6158, 0.19
6159, 0.04
6160, 0.11
6161, 0.04
6162, 0.79
6163, 0.42
6164, 0.49
6165, 0.71
6166, 0.67
6167, 0.10
6168, 0.15
6169, 0.05
6170, 0.65
6171, 0.97
6172, 0.39
6173, 0.44
6174, 0.27
6175, 0.48
6176, 0.06
6177, 0.42
6178, 0.63
6179, 0.42
6180, 0.83
6181, 0.04
6182, 0.97
6183, 0.28
6184, 0.64
6185, 0.85
6186, 0.80
6187, 0.67
6188, 0.64
6189, 0.85
6190, 0.84
6191, 0.51
6192, 0.69
6193, 0.99
6194, 0.38
6195, 0.53
6196, 0.66
6197, 0.72
6198, 0.48
6199, 0.95
6200, 0.12
6201, 0.65
6202, 0.14
6203, 0.28
6204, 0.82
6205, 0.39
6206, 0.94
6207, 0.21
6208, 0.31
6209, 0.48
6210, 0.67
6211, 0.38
6212, 0.35
6213, 0.09
6214, 0.32
6215, 0.06
6216, 0.59
6217, 0.54
6218, 0.05
6219, 0.98
6220, 0.42
6221, 0.56
6222, 0.53
6223, 0.88
6224, 0.13
6225, 0.78
6226, 0.74
6227, 0.49
6228, 0.80
6229, 0.89
6230, 0.88
6231, 0.47
6232, 0.15
6233, 0.66
6234, 0.94
6235, 0.53
6236, 0.39
6237, 0.21
6238, 0.13
6239, 0.08
6240, 0.64
6241, 0.73
6242, 0.38
6243, 0.58
6244, 0.85
6245, 0.13
6246, 0.62
6247, 0.21
6248, 0.50
6249, 0.15
6250, 0.86
6251, 0.77
6252, 0.68
6253, 0.50
6254, 0.02
6255, 0.79
6256, 0.63
6257, 0.59
6258, 0.79
6259, 0.49
6260, 0.52
6261, 0.15
6262, 0.87
6263, 0.30
6264, 0.01
6265, 0.26
6266, 0.98
6267, 0.67
6268, 0.88
6269, 0.40
6270, 0.36
6271, 0.76
6272, 0.12
6273, 0.15
6274, 0.07
6275, 0.81
6276, 0.55
6277, 0.97
6278, 0.16
6279, 0.42
6280, 0.99
6281, 0.06
6282, 0.09
6283, 0.15
6284, 0.76
6285, 0.58
6286, 0.66
6287, 0.29
6288, 0.73
6289, 0.18
6290, 0.56
6291, 0.24
6292, 0.06
6293, 0.60
6294, 0.26
6295, 0.70
6296, 0.83
6297, 0.24
6298, 0.20
6299, 0.68
6300, 0.35
6301, 0.69
6302, 0.12
6303, 0.47
6304, 0.88
6305, 0.57
6306, 0.36
6307, 0.57
6308, 0.34
6309, 0.47
6310, 0.77
6311, 0.78
6312, 0.08
6313, 0.50
6314, 0.28
6315, 0.15
6316, 0.91
6317, 0.15
6318, 0.29
6319, 0.36
6320, 0.95
6321, 0.86
6322, 0.41
6323, 0.59
6324, 0.99
6325, 0.81
6326, 0.03
6327, 0.29
6328, 0.08
6329, 0.10
6330, 0.35
6331, 0.07
6332, 0.28
6333, 0.79
6334, 0.14
6335, 0.75
6336, 0.73
6337, 0.11
6338, 0.10
6339, 0.46
6340, 0.03
6341, 0.55
6342, 0.26
6343, 0.17
6344, 0.90
6345, 0.33
6346, 0.95
6347, 0.54
6348, 0.93
6349, 0.29
6350, 0.27
6351, 0.16
6352, 0.87
6353, 0.66
6354, 0.44
6355, 0.92
6356, 0.54
6357, 0.91
6358, 0.24
6359, 0.36
6360, 0.98
6361, 0.19
6362, 0.40
6363, 0.94
6364, 0.45
6365, 0.22
6366, 0.01
6367, 0.60
6368, 0.31
6369, 0.94
6370, 0.64
6371, 0.73
6372, 0.18
6373, 0.80
6374, 0.54
6375, 0.20
6376, 0.73
6377, 0.59
6378, 0.91
6379, 0.65
6380, 0.02
6381, 0.61
6382, 0.21
6383, 0.83
6384, 0.07
6385, 0.40
6386, 0.18
6387, 0.06
6388, 0.21
6389, 0.42
6390, 0.90
6391, 0.57
6392, 0.39
6393, 0.83
6394, 0.17
6395, 0.03
6396, 0.91
6397, 0.12
6398, 0.35
6399, 0.21
6400, 0.55
6401, 0.77
6402, 0.07
6403, 0.61
6404, 0.92
6405, 0.37
6406, 0.52
6407, 0.89
6408, 0.12
6409, 0.71
6410, 0.25
6411, 0.46
6412, 0.83
6413, 0.08
6414, 0.62
6415, 0.76
6416, 0.22
6417, 0.19
6418, 0.36
6419, 0.77
6420, 0.95
6421, 0.69
6422, 0.10
6423, 0.43
6424, 0.23
6425, 0.45
6426, 0.90
6427, 0.59
6428, 0.47
6429, 0.62
6430, 0.97
6431, 0.63
6432, 0.44
6433, 0.03
6434, 0.26
6435, 0.18
6436, 0.17
6437, 0.79
6438, 0.61
6439, 0.04
6440, 0.08
6441, 0.38
6442, 0.30
6443, 0.08
6444, 0.24
6445, 0.08
6446, 0.56
6447, 0.72
6448, 0.93
6449, 0.87
6450, 0.08
6451, 0.56
6452, 0.42
6453, 0.65
6454, 0.52
6455, 0.37
6456, 0.65
6457, 0.59
6458, 0.37
6459, 0.27
6460, 0.17
6461, 0.43
6462, 0.10
6463, 0.08
6464, 0.75
6465, 0.27
6466, 0.24
6467, 0.56
6468, 0.74
6469, 0.39
6470, 0.65
6471, 0.84
6472, 0.40
6473, 0.12
6474, 0.54
6475, 0.36
6476, 0.94
6477, 0.29
6478, 0.05
6479, 0.16
6480, 0.27
6481, 0.65
6482, 0.38
6483, 0.29
6484, 0.67
6485, 0.26
6486, 0.14
6487, 0.47
6488, 0.54
6489, 0.30
6490, 0.60
6491, 0.24
6492, 0.12
6493, 0.90
6494, 0.22
6495, 0.42
6496, 0.39
6497, 0.43
6498, 0.38
6499, 0.87
6500, 0.51
6501, 0.41
6502, 0.22
6503, 0.41
6504, 0.27
6505, 0.43
6506, 0.26
6507, 0.28
6508, 0.74
6509, 0.74
6510, 0.42
6511, 0.76
6512, 0.96
6513, 0.40
6514, 0.39
6515, 0.64
6516, 0.34
6517, 0.55
6518, 0.04
6519, 0.34
6520, 0.09
6521, 0.78
6522, 0.46
6523, 0.16
6524, 0.40
6525, 0.34
6526, 0.71
6527, 0.68
6528, 0.89
6529, 0.26
6530, 0.94
6531, 0.86
6532, 0.24
6533, 0.30
6534, 0.74
6535, 0.04
6536, 0.92
6537, 0.85
6538, 0.71
6539, 0.58
6540, 0.89
6541, 0.79
6542, 0.17
6543, 0.85
6544, 0.70
6545, 0.26
6546, 0.20
6547, 0.58
6548, 0.62
6549, 0.88
6550, 0.53
6551, 0.37
6552, 0.04
6553, 0.74
6554, 0.17
6555, 0.39
6556, 0.27
6557, 0.11
6558, 0.48
6559, 0.55
6560, 0.29
6561, 0.67
6562, 0.78
6563, 0.68
6564, 0.06
6565, 0.65
6566, 0.06
6567, 0.76
6568, 0.44
6569, 0.47
6570, 0.77
6571, 0.39
6572, 0.39
6573, 0.26
6574, 0.99
6575, 0.63
6576, 0.03
6577, 0.42
6578, 0.73
6579, 0.08
6580, 0.81
6581, 0.06
6582, 0.37
6583, 0.81
6584, 0.73
6585, 0.48
6586, 0.48
6587, 0.02
6588, 0.58
6589, 0.07
6590, 0.77
6591, 0.21
6592, 0.98
6593, 0.17
6594, 0.25
6595, 0.70
6596, 0.23
6597, 0.69
6598, 0.76
6599, 0.04
6600, 0.53
6601, 0.86
6602, 0.46
6603, 0.22
6604, 0.86
6605, 0.33
6606, 0.87
6607, 0.62
6608, 0.30
6609, 0.54
6610, 0.11
6611, 0.16
6612, 0.21
6613, 0.62
6614, 0.58
6615, 0.66
6616, 0.10
6617, 0.97
6618, 0.05
6619, 0.44
6620, 0.44
6621, 0.24
6622, 0.09
6623, 0.18
6624, 0.31
6625, 0.56
6626, 0.74
6627, 0.77
6628, 0.78
6629, 0.42
6630, 0.79
6631, 0.39
6632, 0.57
6633, 0.18
6634, 0.09
6635, 0.83
6636, 0.12
6637, 0.92
6638, 0.46
6639, 0.98
6640, 0.23
6641, 0.98
6642, 0.24
6643, 0.24
6644, 0.55
6645, 0.68
6646, 0.17
6647, 0.19
6648, 0.41
6649, 0.18
6650, 0.39
6651, 0.93
6652, 0.33
6653, 0.69
6654, 0.27
6655, 0.44
6656, 0.02
6657, 0.83
6658, 0.75
6659, 0.43
6660, 0.63
6661, 0.57
6662, 0.26
6663, 0.82
6664, 0.20
6665, 0.57
6666, 0.71
6667, 0.32
6668, 0.37
6669, 0.69
6670, 0.73
6671, 0.66
6672, 0.70
6673, 0.40
6674, 0.27
6675, 0.31
6676, 0.92
6677, 0.18
6678, 0.38
6679, 0.77
6680, 0.38
6681, 0.40
6682, 0.47
6683, 0.03
6684, 0.83
6685, 0.49
6686, 0.43
6687, 0.42
6688, 0.61
6689, 0.99
6690, 0.24
6691, 0.45
6692, 0.93
6693, 0.69
6694, 0.62
6695, 0.33
6696, 0.97
6697, 0.42
6698, 0.09
6699, 0.14
6700, 0.26
6701, 0.16
6702, 0.38
6703, 0.69
6704, 0.64
6705, 0.31
6706, 0.36
6707, 0.12
6708, 0.38
6709, 0.38
6710, 0.05
6711, 0.82
6712, 0.47
6713, 0.28
6714, 0.06
6715, 0.17
6716, 0.81
6717, 0.15
6718, 0.30
6719, 0.40
6720, 0.50
6721, 0.59
6722, 0.72
6723, 0.83
6724, 0.59
6725, 0.06
6726, 0.24
6727, 0.45
6728, 0.28
6729, 0.97
6730, 0.84
6731, 0.45
6732, 0.94
6733, 0.34
6734, 0.74
6735, 0.48
6736, 0.66
6737, 0.17
6738, 0.47
6739, 0.28
6740, 0.79
6741, 0.35
6742, 0.15
6743, 0.12
6744, 0.96
6745, 0.56
6746, 0.32
6747, 0.57
6748, 0.36
6749, 0.58
6750, 0.24
6751, 0.11
6752, 0.27
6753, 0.18
6754, 0.13
6755, 0.21
6756, 0.56
6757, 0.48
6758, 0.43
6759, 0.22
6760, 0.34
6761, 0.36
6762, 0.06
6763, 0.57
6764, 0.60
6765, 0.17
6766, 0.61
6767, 0.75
6768, 0.15
6769, 0.21
6770, 0.96
6771, 0.82
6772, 0.75
6773, 0.11
6774, 0.40
6775, 0.81
6776, 0.53
6777, 0.62
6778, 0.35
6779, 0.10
6780, 0.71
6781, 0.84
6782, 0.91
6783, 0.63
6784, 0.97
6785, 0.03
6786, 0.37
6787, 0.83
6788, 0.14
6789, 0.99
6790, 0.25
6791, 0.61
6792, 0.99
6793, 0.01
6794, 0.23
6795, 0.78
6796, 0.91
6797, 0.58
6798, 0.93
6799, 0.17
6800, 0.91
6801, 0.66
6802, 0.58
6803, 0.52
6804, 0.01
6805, 0.92
6806, 0.48
6807, 0.64
6808, 0.05
6809, 0.08
6810, 0.10
6811, 0.62
6812, 0.43
6813, 0.16
6814, 0.28
6815, 0.59
6816, 0.56
6817, 0.75
6818, 0.42
6819, 0.60
6820, 0.16
6821, 0.98
6822, 0.37
6823, 0.81
6824, 0.21
6825, 0.85
6826, 0.68
6827, 0.10
6828, 0.49
6829, 0.24
6830, 0.24
6831, 0.91
6832, 0.43
6833, 0.43
6834, 0.32
6835, 0.11
6836, 0.09
6837, 0.20
6838, 0.21
6839, 0.21
6840, 0.77
6841, 0.60
6842, 0.20
6843, 0.47
6844, 0.39
6845, 0.56
6846, 0.38
6847, 0.99
6848, 0.15
6849, 0.36
6850, 0.74
6851, 0.09
6852, 0.29
6853, 0.10
6854, 0.94
6855, 0.37
6856, 0.75
6857, 0.21
6858, 0.80
6859, 0.29
6860, 0.37
6861, 0.93
6862, 0.97
6863, 0.14
6864, 0.72
6865, 0.08
6866, 0.24
6867, 0.51
6868, 0.81
6869, 0.94
6870, 0.77
6871, 0.49
6872, 0.24
6873, 0.87
6874, 0.16
6875, 0.27
6876, 0.55
6877, 0.20
6878, 0.56
6879, 0.27
6880, 0.47
6881, 0.52
6882, 0.30
6883, 0.63
6884, 0.78
6885, 0.51
6886, 0.47
6887, 0.24
6888, 0.46
6889, 0.46
6890, 0.76
6891, 0.81
6892, 0.99
6893, 0.51
6894, 0.77
6895, 0.99
6896, 0.38
6897, 0.69
6898, 0.70
6899, 0.59
6900, 0.96
6901, 0.24
6902, 0.51
6903, 0.56
6904, 0.26
6905, 0.61
6906, 0.59
6907, 0.10
6908, 0.20
6909, 0.02
6910, 0.45
6911, 0.84
6912, 0.89
6913, 0.33
6914, 0.28
6915, 0.45
6916, 0.83
6917, 0.56
6918, 0.42
6919, 0.82
6920, 0.82
6921, 0.49
6922, 0.50
6923, 0.07
6924, 0.52
6925, 0.04
6926, 0.80
6927, 0.09
6928, 0.69
6929, 0.46
6930, 0.19
6931, 0.43
6932, 0.90
6933, 0.72
6934, 0.25
6935, 0.67
6936, 0.96
6937, 0.80
6938, 0.52
6939, 0.05
6940, 0.99
6941, 0.82
6942, 0.51
6943, 0.60
6944, 0.55
6945, 0.51
6946, 0.16
6947, 0.62
6948, 0.13
6949, 0.98
6950, 0.68
6951, 0.63
6952, 0.55
6953, 0.25
6954, 0.36
6955, 0.80
6956, 0.11
6957, 0.08
6958, 0.01
6959, 0.53
6960, 0.06
6961, 0.94
6962, 0.21
6963, 0.62
6964, 0.69
6965, 0.93
6966, 0.49
6967, 0.62
6968, 0.70
6969, 0.03
6970, 0.38
6971, 0.15
6972, 0.10
6973, 0.26
6974, 0.74
6975, 0.60
6976, 0.10
6977, 0.58
6978, 0.78
6979, 0.22
6980, 0.62
6981, 0.10
6982, 0.34
6983, 0.39
6984, 0.28
6985, 0.08
6986, 0.20
6987, 0.49
6988, 0.57
6989, 0.94
6990, 0.32
6991, 0.69
6992, 0.28
6993, 0.52
6994, 0.58
6995, 0.72
6996, 0.90
6997, 0.98
6998, 0.90
6999, 0.46
7000, 0.69
7001, 0.59
7002, 0.81
7003, 0.75
7004, 0.98
7005, 0.95
7006, 0.48
7007, 0.33
7008, 0.62
7009, 0.46
7010, 0.80
7011, 0.30
7012, 0.56
7013, 0.92
7014, 0.58
7015, 0.77
7016, 0.50
7017, 0.24
7018, 0.20
7019, 0.71
7020, 0.50
7021, 0.19
7022, 0.19
7023, 0.63
7024, 0.71
7025, 0.49
7026, 0.80
7027, 0.18
7028, 0.39
7029, 0.16
7030, 0.62
7031, 0.32
7032, 0.93
7033, 0.10
7034, 0.67
7035, 0.74
7036, 0.73
7037, 0.13
7038, 0.64
7039, 0.50
7040, 0.25
7041, 0.51
7042, 0.58
7043, 0.02
7044, 0.20
7045, 0.82
7046, 0.73
7047, 0.41
7048, 0.85
7049, 0.78
7050, 0.61
7051, 0.42
7052, 0.06
7053, 0.04
7054, 0.72
7055, 0.54
7056, 0.53
7057, 0.41
7058, 0.77
7059, 0.30
7060, 0.49
7061, 0.54
7062, 0.72
7063, 0.18
7064, 0.08
7065, 0.92
7066, 0.30
7067, 0.26
7068, 0.18
7069, 0.44
7070, 0.46
7071, 0.72
7072, 0.87
7073, 0.36
7074, 0.57
7075, 0.02
7076, 0.59
7077, 0.05
7078, 0.06
7079, 0.97
7080, 0.99
7081, 0.26
7082, 0.06
7083, 0.16
7084, 0.34
7085, 0.55
7086, 0.29
7087, 0.97
7088, 0.49
7089, 0.84
7090, 0.29
7091, 0.86
7092, 0.53
7093, 0.31
7094, 0.07
7095, 0.51
7096, 0.67
7097, 0.41
7098, 0.39
7099, 0.20
7100, 0.79
7101, 0.58
7102, 0.72
7103, 0.35
7104, 0.24
7105, 0.69
7106, 0.97
7107, 0.19
7108, 0.42
7109, 0.55
7110, 0.13
7111, 0.89
7112, 0.22
7113, 0.66
7114, 0.53
7115, 0.31
7116, 0.59
7117, 0.77
7118, 0.60
7119, 0.89
7120, 0.42
7121, 0.13
7122, 0.53
7123, 0.97
7124, 0.63
7125, 0.09
7126, 0.04
7127, 0.39
7128, 0.71
7129, 0.60
7130, 0.92
7131, 0.69
7132, 0.11
7133, 0.07
7134, 0.21
7135, 0.73
7136, 0.18
7137, 0.03
7138, 0.74
7139, 0.89
7140, 0.06
7141, 0.79
7142, 0.88
7143, 0.25
7144, 0.39
7145, 0.37
7146, 0.38
7147, 0.10
7148, 0.26
7149, 0.68
7150, 0.56
7151, 0.69
7152, 0.52
7153, 0.56
7154, 0.51
7155, 0.58
7156, 0.24
7157, 0.66
7158, 0.47
7159, 0.48
7160, 0.48
7161, 0.15
7162, 0.20
7163, 0.28
7164, 0.77
7165, 0.61
7166, 0.88
7167, 0.11
7168, 0.26
7169, 0.31
7170, 0.92
7171, 0.24
7172, 0.40
7173, 0.11
7174, 0.72
7175, 0.78
7176, 0.77
7177, 0.37
7178, 0.31
7179, 0.98
7180, 0.87
7181, 0.98
7182, 0.54
7183, 0.93
7184, 0.90
7185, 0.70
7186, 0.06
7187, 0.87
7188, 0.49
7189, 0.67
7190, 0.56
7191, 0.63
7192, 0.97
7193, 0.25
7194, 0.66
7195, 0.85
7196, 0.48
7197, 0.08
7198, 0.12
7199, 0.19
7200, 0.88
7201, 0.62
7202, 0.16
7203, 0.10
7204, 0.52
7205, 0.51
7206, 0.10
7207, 0.33
7208, 0.73
7209, 0.15
7210, 0.13
7211, 0.58
7212, 0.06
7213, 0.32
7214, 0.54
7215, 0.21
7216, 0.84
7217, 0.97
7218, 0.88
7219, 0.10
7220, 0.47
7221, 0.84
7222, 0.94
7223, 0.82
7224, 0.18
7225, 0.95
7226, 0.63
7227, 0.08
7228, 0.59
7229, 0.15
7230, 0.17
7231, 0.17
7232, 0.19
7233, 0.26
7234, 0.75
7235, 0.06
7236, 0.69
7237, 0.63
7238, 0.10
7239, 0.06
7240, 0.35
7241, 0.75
7242, 0.56
7243, 0.81
7244, 0.76
7245, 0.36
7246, 0.42
7247, 0.08
7248, 0.23
7249, 0.74
7250, 0.44
7251, 0.89
7252, 0.77
7253, 0.59
7254, 0.26
7255, 0.96
7256, 0.62
7257, 0.65
7258, 0.86
7259, 0.29
7260, 0.09
7261, 0.04
7262, 0.89
7263, 0.90
7264, 0.66
7265, 0.22
7266, 0.26
7267, 0.97
7268, 0.31
7269, 0.64
7270, 0.25
7271, 0.89
7272, 0.26
7273, 0.25
7274, 0.88
7275, 0.35
7276, 0.38
7277, 0.12
7278, 0.55
7279, 0.45
7280, 0.90
7281, 0.15
7282, 0.36
7283, 0.46
7284, 0.84
7285, 0.35
7286, 0.75
7287, 0.49
7288, 0.47
7289, 0.41
7290, 0.55
7291, 0.74
7292, 0.27
7293, 0.54
7294, 0.10
7295, 0.32
7296, 0.75
7297, 0.63
7298, 0.59
7299, 0.12
7300, 0.12
7301, 0.18
7302, 0.65
7303, 0.33
7304, 0.02
7305, 0.85
7306, 0.82
7307, 0.85
7308, 0.55
7309, 0.13
7310, 0.43
7311, 0.06
7312, 0.14
7313, 0.56
7314, 0.26
7315, 0.43
7316, 0.30
7317, 0.76
7318, 0.40
7319, 0.82
7320, 0.14
7321, 0.40
7322, 0.91
7323, 0.24
7324, 0.89
7325, 0.57
7326, 0.84
7327, 0.65
7328, 0.36
7329, 0.69
7330, 0.29
7331, 0.54
7332, 0.28
7333, 0.84
7334, 0.83
7335, 0.93
7336, 0.68
7337, 0.56
7338, 0.58
7339, 0.47
7340, 0.35
7341, 0.05
7342, 0.55
7343, 0.47
7344, 0.19
7345, 0.08
7346, 0.49
7347, 0.66
7348, 0.25
7349, 0.97
7350, 0.07
7351, 0.82
7352, 0.80
7353, 0.12
7354, 0.80
7355, 0.89
7356, 0.79
7357, 0.17
7358, 0.09
7359, 0.93
7360, 0.52
7361, 0.88
7362, 0.91
7363, 0.63
7364, 0.84
7365, 0.49
7366, 0.56
7367, 0.77
7368, 0.78
7369, 0.30
7370, 0.50
7371, 0.09
7372, 0.16
7373, 0.98
7374, 0.30
7375, 0.59
7376, 0.97
7377, 0.30
7378, 0.64
7379, 0.83
7380, 0.46
7381, 0.38
7382, 0.38
7383, 0.75
7384, 0.30
7385, 0.17
7386, 0.55
7387, 0.53
7388, 0.14
7389, 0.98
7390, 0.84
7391, 0.87
7392, 0.70
7393, 0.65
7394, 0.80
7395, 0.59
7396, 0.17
7397, 0.39
7398, 0.15
7399, 0.28
7400, 0.89
7401, 0.91
7402, 0.81
7403, 0.06
7404, 0.52
7405, 0.33
7406, 0.61
7407, 0.71
7408, 0.73
7409, 0.03
7410, 0.18
7411, 0.15
7412, 0.48
7413, 0.08
7414, 0.43
7415, 0.84
7416, 0.02
7417, 0.98
7418, 0.15
7419, 0.61
7420, 0.97
7421, 0.12
